SET session_replication_role = replica;

--
-- PostgreSQL database dump
--

-- Dumped from database version 17.4
-- Dumped by pg_dump version 17.4

SET statement_timeout = 0;
SET lock_timeout = 0;
SET idle_in_transaction_session_timeout = 0;
SET transaction_timeout = 0;
SET client_encoding = 'UTF8';
SET standard_conforming_strings = on;
SELECT pg_catalog.set_config('search_path', '', false);
SET check_function_bodies = false;
SET xmloption = content;
SET client_min_messages = warning;
SET row_security = off;

--
-- Data for Name: audit_log_entries; Type: TABLE DATA; Schema: auth; Owner: supabase_auth_admin
--

INSERT INTO "auth"."audit_log_entries" ("instance_id", "id", "payload", "created_at", "ip_address") VALUES
	('00000000-0000-0000-0000-000000000000', '06edfe81-5db9-497f-a15d-ef52655cff43', '{"action":"user_signedup","actor_id":"88edeea4-8d67-4c70-bd31-54a029613287","actor_username":"super@admin.com","actor_via_sso":false,"log_type":"team","traits":{"provider":"email"}}', '2025-07-27 15:57:02.998145+00', ''),
	('00000000-0000-0000-0000-000000000000', '7e35e82e-a743-4918-b090-6997c73d198a', '{"action":"login","actor_id":"88edeea4-8d67-4c70-bd31-54a029613287","actor_username":"super@admin.com","actor_via_sso":false,"log_type":"account","traits":{"provider":"email"}}', '2025-07-27 15:57:03.020494+00', ''),
	('00000000-0000-0000-0000-000000000000', 'c821c0c7-2509-47eb-804a-8f1f05fc1af4', '{"action":"user_repeated_signup","actor_id":"88edeea4-8d67-4c70-bd31-54a029613287","actor_username":"super@admin.com","actor_via_sso":false,"log_type":"user","traits":{"provider":"email"}}', '2025-07-27 15:57:23.947777+00', ''),
	('00000000-0000-0000-0000-000000000000', '404f8d6c-77d2-4ffa-a3a4-3295d01617a3', '{"action":"login","actor_id":"88edeea4-8d67-4c70-bd31-54a029613287","actor_username":"super@admin.com","actor_via_sso":false,"log_type":"account","traits":{"provider":"email"}}', '2025-07-27 15:57:52.139138+00', ''),
	('00000000-0000-0000-0000-000000000000', 'ad6796c2-4953-4c8e-8f6b-6a4410def12c', '{"action":"login","actor_id":"88edeea4-8d67-4c70-bd31-54a029613287","actor_username":"super@admin.com","actor_via_sso":false,"log_type":"account","traits":{"provider":"email"}}', '2025-07-27 15:57:58.292557+00', ''),
	('00000000-0000-0000-0000-000000000000', '446f15ae-2cbe-4bfd-9759-36cdb52d7d40', '{"action":"login","actor_id":"88edeea4-8d67-4c70-bd31-54a029613287","actor_username":"super@admin.com","actor_via_sso":false,"log_type":"account","traits":{"provider":"email"}}', '2025-07-27 15:57:59.389508+00', ''),
	('00000000-0000-0000-0000-000000000000', '0e6fac46-44ae-42b8-8856-1a94ab446f93', '{"action":"login","actor_id":"88edeea4-8d67-4c70-bd31-54a029613287","actor_username":"super@admin.com","actor_via_sso":false,"log_type":"account","traits":{"provider":"email"}}', '2025-07-27 15:58:00.396259+00', ''),
	('00000000-0000-0000-0000-000000000000', 'a2fd5873-7008-4a45-8c7c-f0c1b0922b0a', '{"action":"logout","actor_id":"88edeea4-8d67-4c70-bd31-54a029613287","actor_username":"super@admin.com","actor_via_sso":false,"log_type":"account"}', '2025-07-27 15:58:02.912664+00', ''),
	('00000000-0000-0000-0000-000000000000', 'ca6bcd5f-4e65-4eb1-9716-50aa9df1733e', '{"action":"login","actor_id":"88edeea4-8d67-4c70-bd31-54a029613287","actor_username":"super@admin.com","actor_via_sso":false,"log_type":"account","traits":{"provider":"email"}}', '2025-07-27 15:58:06.292163+00', ''),
	('00000000-0000-0000-0000-000000000000', 'cea152e2-18db-4089-90f9-76a413ed755f', '{"action":"login","actor_id":"88edeea4-8d67-4c70-bd31-54a029613287","actor_username":"super@admin.com","actor_via_sso":false,"log_type":"account","traits":{"provider":"email"}}', '2025-07-27 15:58:07.876464+00', ''),
	('00000000-0000-0000-0000-000000000000', 'e8273550-86bd-4b87-ad3b-796de02f383a', '{"action":"login","actor_id":"88edeea4-8d67-4c70-bd31-54a029613287","actor_username":"super@admin.com","actor_via_sso":false,"log_type":"account","traits":{"provider":"email"}}', '2025-07-27 15:58:35.446492+00', ''),
	('00000000-0000-0000-0000-000000000000', '51430420-8998-40ae-b153-8bf627b92107', '{"action":"login","actor_id":"88edeea4-8d67-4c70-bd31-54a029613287","actor_username":"super@admin.com","actor_via_sso":false,"log_type":"account","traits":{"provider":"email"}}', '2025-07-27 16:02:17.082694+00', ''),
	('00000000-0000-0000-0000-000000000000', 'fd41c3ac-28fc-4fa0-8bbb-89d5d383ea1e', '{"action":"login","actor_id":"88edeea4-8d67-4c70-bd31-54a029613287","actor_username":"super@admin.com","actor_via_sso":false,"log_type":"account","traits":{"provider":"email"}}', '2025-07-27 16:03:42.579093+00', ''),
	('00000000-0000-0000-0000-000000000000', '4bda12ca-3133-41d2-82c5-6cd89959ee6a', '{"action":"login","actor_id":"88edeea4-8d67-4c70-bd31-54a029613287","actor_username":"super@admin.com","actor_via_sso":false,"log_type":"account","traits":{"provider":"email"}}', '2025-07-27 16:06:05.717885+00', ''),
	('00000000-0000-0000-0000-000000000000', '0dbef2a3-82ca-4f39-bfaf-0fc3d1e5977d', '{"action":"login","actor_id":"88edeea4-8d67-4c70-bd31-54a029613287","actor_username":"super@admin.com","actor_via_sso":false,"log_type":"account","traits":{"provider":"email"}}', '2025-07-27 16:10:34.626152+00', ''),
	('00000000-0000-0000-0000-000000000000', '92eea908-6941-4dcc-9852-1aa5cc8fc5f4', '{"action":"login","actor_id":"88edeea4-8d67-4c70-bd31-54a029613287","actor_username":"super@admin.com","actor_via_sso":false,"log_type":"account","traits":{"provider":"email"}}', '2025-07-27 16:15:59.148628+00', ''),
	('00000000-0000-0000-0000-000000000000', '9f15bc9c-e274-42ac-beb1-c33826c3ffce', '{"action":"login","actor_id":"88edeea4-8d67-4c70-bd31-54a029613287","actor_username":"super@admin.com","actor_via_sso":false,"log_type":"account","traits":{"provider":"email"}}', '2025-07-27 16:17:01.874719+00', ''),
	('00000000-0000-0000-0000-000000000000', '76a58e13-6265-4ac0-91ce-197502bd6fce', '{"action":"login","actor_id":"88edeea4-8d67-4c70-bd31-54a029613287","actor_username":"super@admin.com","actor_via_sso":false,"log_type":"account","traits":{"provider":"email"}}', '2025-07-27 16:18:33.525685+00', ''),
	('00000000-0000-0000-0000-000000000000', 'c13d45be-feff-49de-a609-1dc2e7c9ff80', '{"action":"login","actor_id":"88edeea4-8d67-4c70-bd31-54a029613287","actor_username":"super@admin.com","actor_via_sso":false,"log_type":"account","traits":{"provider":"email"}}', '2025-07-27 16:22:24.542413+00', ''),
	('00000000-0000-0000-0000-000000000000', 'a95ac715-91d8-42e8-b5a8-95e00d97348a', '{"action":"login","actor_id":"88edeea4-8d67-4c70-bd31-54a029613287","actor_username":"super@admin.com","actor_via_sso":false,"log_type":"account","traits":{"provider":"email"}}', '2025-07-27 16:22:47.537597+00', ''),
	('00000000-0000-0000-0000-000000000000', '344d492e-2e1d-4efb-8beb-1e71e0e3f68d', '{"action":"login","actor_id":"88edeea4-8d67-4c70-bd31-54a029613287","actor_username":"super@admin.com","actor_via_sso":false,"log_type":"account","traits":{"provider":"email"}}', '2025-07-27 16:25:55.597084+00', ''),
	('00000000-0000-0000-0000-000000000000', '740e7196-06ee-4703-9983-fa86522350d1', '{"action":"login","actor_id":"88edeea4-8d67-4c70-bd31-54a029613287","actor_username":"super@admin.com","actor_via_sso":false,"log_type":"account","traits":{"provider":"email"}}', '2025-07-27 16:27:49.7073+00', ''),
	('00000000-0000-0000-0000-000000000000', '47546d60-d486-4210-b218-c3194390caa7', '{"action":"login","actor_id":"88edeea4-8d67-4c70-bd31-54a029613287","actor_username":"super@admin.com","actor_via_sso":false,"log_type":"account","traits":{"provider":"email"}}', '2025-07-27 16:30:55.485243+00', ''),
	('00000000-0000-0000-0000-000000000000', 'b140e919-cff7-41da-9cd7-8ac839e52019', '{"action":"login","actor_id":"88edeea4-8d67-4c70-bd31-54a029613287","actor_username":"super@admin.com","actor_via_sso":false,"log_type":"account","traits":{"provider":"email"}}', '2025-07-27 16:34:30.662597+00', ''),
	('00000000-0000-0000-0000-000000000000', '8435f90f-5bb2-4f3c-9dc0-39f97b5164c1', '{"action":"login","actor_id":"88edeea4-8d67-4c70-bd31-54a029613287","actor_username":"super@admin.com","actor_via_sso":false,"log_type":"account","traits":{"provider":"email"}}', '2025-07-27 16:37:11.496254+00', ''),
	('00000000-0000-0000-0000-000000000000', '487f1ea7-7f25-4523-bb36-05db2a42d27b', '{"action":"login","actor_id":"88edeea4-8d67-4c70-bd31-54a029613287","actor_username":"super@admin.com","actor_via_sso":false,"log_type":"account","traits":{"provider":"email"}}', '2025-07-27 16:41:20.700626+00', ''),
	('00000000-0000-0000-0000-000000000000', '241ac632-e76d-49ec-8324-c65c9e7b20df', '{"action":"login","actor_id":"88edeea4-8d67-4c70-bd31-54a029613287","actor_username":"super@admin.com","actor_via_sso":false,"log_type":"account","traits":{"provider":"email"}}', '2025-07-27 16:43:22.305808+00', ''),
	('00000000-0000-0000-0000-000000000000', '39c59d06-5e25-49bc-b554-b33db3f03c1b', '{"action":"login","actor_id":"88edeea4-8d67-4c70-bd31-54a029613287","actor_username":"super@admin.com","actor_via_sso":false,"log_type":"account","traits":{"provider":"email"}}', '2025-07-27 16:48:02.660605+00', ''),
	('00000000-0000-0000-0000-000000000000', '03fdbc96-5674-4e58-8e37-5567192dff65', '{"action":"logout","actor_id":"88edeea4-8d67-4c70-bd31-54a029613287","actor_username":"super@admin.com","actor_via_sso":false,"log_type":"account"}', '2025-07-27 16:50:40.15633+00', ''),
	('00000000-0000-0000-0000-000000000000', '1a22da15-4c11-44fb-96ce-1ac558c82aa2', '{"action":"login","actor_id":"88edeea4-8d67-4c70-bd31-54a029613287","actor_username":"super@admin.com","actor_via_sso":false,"log_type":"account","traits":{"provider":"email"}}', '2025-07-27 16:50:53.073761+00', ''),
	('00000000-0000-0000-0000-000000000000', '885a571f-3245-4c7f-b84a-b61b5c7ee81a', '{"action":"login","actor_id":"88edeea4-8d67-4c70-bd31-54a029613287","actor_username":"super@admin.com","actor_via_sso":false,"log_type":"account","traits":{"provider":"email"}}', '2025-07-27 16:51:25.804405+00', ''),
	('00000000-0000-0000-0000-000000000000', '0c3039cd-9656-4486-b2da-ef9adb598cf2', '{"action":"login","actor_id":"88edeea4-8d67-4c70-bd31-54a029613287","actor_username":"super@admin.com","actor_via_sso":false,"log_type":"account","traits":{"provider":"email"}}', '2025-07-27 16:53:48.609196+00', ''),
	('00000000-0000-0000-0000-000000000000', 'b6a49913-5cf5-47e6-b5a6-0b4b02e64d16', '{"action":"token_refreshed","actor_id":"88edeea4-8d67-4c70-bd31-54a029613287","actor_username":"super@admin.com","actor_via_sso":false,"log_type":"token"}', '2025-07-28 05:30:03.097154+00', ''),
	('00000000-0000-0000-0000-000000000000', '63ce773a-5799-4fbc-a885-f5101abe5d6e', '{"action":"token_revoked","actor_id":"88edeea4-8d67-4c70-bd31-54a029613287","actor_username":"super@admin.com","actor_via_sso":false,"log_type":"token"}', '2025-07-28 05:30:03.0998+00', ''),
	('00000000-0000-0000-0000-000000000000', '955d9775-418c-4b00-acbc-b63f10c943c9', '{"action":"user_signedup","actor_id":"4e425b1b-695e-4f6d-a166-28749e1f52c5","actor_username":"seller@seller.com","actor_via_sso":false,"log_type":"team","traits":{"provider":"email"}}', '2025-07-28 06:17:32.370447+00', ''),
	('00000000-0000-0000-0000-000000000000', '40fa8030-8399-453e-a30d-0ef9e64a640b', '{"action":"login","actor_id":"4e425b1b-695e-4f6d-a166-28749e1f52c5","actor_username":"seller@seller.com","actor_via_sso":false,"log_type":"account","traits":{"provider":"email"}}', '2025-07-28 06:17:32.376534+00', ''),
	('00000000-0000-0000-0000-000000000000', '5f65974c-609e-49e0-8b52-8ea9584b8c1b', '{"action":"logout","actor_id":"4e425b1b-695e-4f6d-a166-28749e1f52c5","actor_username":"seller@seller.com","actor_via_sso":false,"log_type":"account"}', '2025-07-28 06:27:58.765179+00', ''),
	('00000000-0000-0000-0000-000000000000', '45394759-3310-4908-a6d3-1deee1a06de1', '{"action":"user_signedup","actor_id":"ff93d93b-d371-4164-a3ce-8c5998d6754e","actor_username":"vet@vet.com","actor_via_sso":false,"log_type":"team","traits":{"provider":"email"}}', '2025-07-28 06:28:36.69247+00', ''),
	('00000000-0000-0000-0000-000000000000', '1f3d63f9-461c-4f5f-b97c-4ad05de586f6', '{"action":"login","actor_id":"ff93d93b-d371-4164-a3ce-8c5998d6754e","actor_username":"vet@vet.com","actor_via_sso":false,"log_type":"account","traits":{"provider":"email"}}', '2025-07-28 06:28:36.698474+00', ''),
	('00000000-0000-0000-0000-000000000000', '684b3298-fd3e-48b4-ba52-1ff4cdb5af46', '{"action":"logout","actor_id":"ff93d93b-d371-4164-a3ce-8c5998d6754e","actor_username":"vet@vet.com","actor_via_sso":false,"log_type":"account"}', '2025-07-28 06:29:22.016021+00', ''),
	('00000000-0000-0000-0000-000000000000', 'b9670549-201b-4d91-946e-657129ce2eba', '{"action":"user_signedup","actor_id":"db25842a-f819-4390-a560-08bff6e349d2","actor_username":"load@master.com","actor_via_sso":false,"log_type":"team","traits":{"provider":"email"}}', '2025-07-28 06:30:04.669916+00', ''),
	('00000000-0000-0000-0000-000000000000', 'e1c2c1dd-3215-4db0-8cf3-c848d8550ea5', '{"action":"login","actor_id":"db25842a-f819-4390-a560-08bff6e349d2","actor_username":"load@master.com","actor_via_sso":false,"log_type":"account","traits":{"provider":"email"}}', '2025-07-28 06:30:04.673138+00', ''),
	('00000000-0000-0000-0000-000000000000', '34c8d5ec-4d09-479a-8e0b-a01f0a63f130', '{"action":"logout","actor_id":"db25842a-f819-4390-a560-08bff6e349d2","actor_username":"load@master.com","actor_via_sso":false,"log_type":"account"}', '2025-07-28 06:38:07.873872+00', ''),
	('00000000-0000-0000-0000-000000000000', '12557552-4844-42a3-ba9c-b504b88bd399', '{"action":"token_refreshed","actor_id":"88edeea4-8d67-4c70-bd31-54a029613287","actor_username":"super@admin.com","actor_via_sso":false,"log_type":"token"}', '2025-07-28 06:38:13.964499+00', ''),
	('00000000-0000-0000-0000-000000000000', 'e9139dca-d8e2-4d3d-9241-8e3328bc269f', '{"action":"token_revoked","actor_id":"88edeea4-8d67-4c70-bd31-54a029613287","actor_username":"super@admin.com","actor_via_sso":false,"log_type":"token"}', '2025-07-28 06:38:13.965086+00', ''),
	('00000000-0000-0000-0000-000000000000', 'dee9d388-ab8a-45f9-be3e-aec5a0772e0b', '{"action":"logout","actor_id":"88edeea4-8d67-4c70-bd31-54a029613287","actor_username":"super@admin.com","actor_via_sso":false,"log_type":"account"}', '2025-07-28 06:38:17.785801+00', ''),
	('00000000-0000-0000-0000-000000000000', '16e579a6-18a7-49ce-8ec8-c780875f4cc1', '{"action":"user_signedup","actor_id":"73a17732-b6f0-46de-9f1f-4fc503914341","actor_username":"jcoggon86@gmail.com","actor_via_sso":false,"log_type":"team","traits":{"provider":"email"}}', '2025-07-28 06:38:38.880901+00', ''),
	('00000000-0000-0000-0000-000000000000', '0b24400b-1425-4164-bb5d-b37b1b8414f4', '{"action":"login","actor_id":"73a17732-b6f0-46de-9f1f-4fc503914341","actor_username":"jcoggon86@gmail.com","actor_via_sso":false,"log_type":"account","traits":{"provider":"email"}}', '2025-07-28 06:38:38.885336+00', ''),
	('00000000-0000-0000-0000-000000000000', 'b2de2ca8-8456-4df8-bd66-0116ebae5a7e', '{"action":"user_signedup","actor_id":"b6899180-3d7c-457a-b62a-359370431fd3","actor_username":"seller2@seller2.com","actor_via_sso":false,"log_type":"team","traits":{"provider":"email"}}', '2025-07-28 07:16:53.857072+00', ''),
	('00000000-0000-0000-0000-000000000000', 'ce7c8552-b63c-4599-a4c7-296902b83273', '{"action":"login","actor_id":"b6899180-3d7c-457a-b62a-359370431fd3","actor_username":"seller2@seller2.com","actor_via_sso":false,"log_type":"account","traits":{"provider":"email"}}', '2025-07-28 07:16:53.861172+00', ''),
	('00000000-0000-0000-0000-000000000000', '3d577190-ed03-472e-9692-85e257aca1ad', '{"action":"logout","actor_id":"b6899180-3d7c-457a-b62a-359370431fd3","actor_username":"seller2@seller2.com","actor_via_sso":false,"log_type":"account"}', '2025-07-28 07:24:20.252508+00', ''),
	('00000000-0000-0000-0000-000000000000', '0da5f5b5-a084-4c4c-a8b0-2c6981d7f1eb', '{"action":"user_signedup","actor_id":"77846881-b679-47a7-b910-6ea3fbf2cd12","actor_username":"seller1@seller1.com","actor_via_sso":false,"log_type":"team","traits":{"provider":"email"}}', '2025-07-28 07:27:46.74764+00', ''),
	('00000000-0000-0000-0000-000000000000', '9a1cb768-cc8c-4a34-9365-3484918d24e2', '{"action":"login","actor_id":"77846881-b679-47a7-b910-6ea3fbf2cd12","actor_username":"seller1@seller1.com","actor_via_sso":false,"log_type":"account","traits":{"provider":"email"}}', '2025-07-28 07:27:46.751371+00', ''),
	('00000000-0000-0000-0000-000000000000', 'badf9ac6-8b7d-412a-bff9-dc71e2e5352b', '{"action":"logout","actor_id":"77846881-b679-47a7-b910-6ea3fbf2cd12","actor_username":"seller1@seller1.com","actor_via_sso":false,"log_type":"account"}', '2025-07-28 07:31:52.346663+00', ''),
	('00000000-0000-0000-0000-000000000000', 'c79ad945-cf5b-40be-a7af-5b2fb670d973', '{"action":"user_signedup","actor_id":"970fe15e-4cf4-46f0-b66a-805cef1abace","actor_username":"seller3@seller3.com","actor_via_sso":false,"log_type":"team","traits":{"provider":"email"}}', '2025-07-28 07:34:30.685441+00', ''),
	('00000000-0000-0000-0000-000000000000', '7319fbde-7437-4f12-b369-ed27c28927ff', '{"action":"login","actor_id":"970fe15e-4cf4-46f0-b66a-805cef1abace","actor_username":"seller3@seller3.com","actor_via_sso":false,"log_type":"account","traits":{"provider":"email"}}', '2025-07-28 07:34:30.690298+00', ''),
	('00000000-0000-0000-0000-000000000000', '76b50a68-6a30-40ca-a2a9-e947311c0923', '{"action":"token_refreshed","actor_id":"73a17732-b6f0-46de-9f1f-4fc503914341","actor_username":"jcoggon86@gmail.com","actor_via_sso":false,"log_type":"token"}', '2025-07-28 07:37:26.081377+00', ''),
	('00000000-0000-0000-0000-000000000000', '5c5a37bb-1887-4d75-b011-f6f0414a66e7', '{"action":"token_revoked","actor_id":"73a17732-b6f0-46de-9f1f-4fc503914341","actor_username":"jcoggon86@gmail.com","actor_via_sso":false,"log_type":"token"}', '2025-07-28 07:37:26.082291+00', ''),
	('00000000-0000-0000-0000-000000000000', 'b10ab8b6-34a0-4f59-82e4-3756b7dc76b1', '{"action":"logout","actor_id":"970fe15e-4cf4-46f0-b66a-805cef1abace","actor_username":"seller3@seller3.com","actor_via_sso":false,"log_type":"account"}', '2025-07-28 07:42:36.604662+00', ''),
	('00000000-0000-0000-0000-000000000000', 'a0427da6-c43c-40d3-80b1-55ed97f645d2', '{"action":"user_signedup","actor_id":"a8600d90-c230-4cf7-a870-4f941cbfd1e2","actor_username":"seller4@seller4.com","actor_via_sso":false,"log_type":"team","traits":{"provider":"email"}}', '2025-07-28 07:43:43.832226+00', ''),
	('00000000-0000-0000-0000-000000000000', '85d023ac-44d4-4e3c-8446-815b502ac966', '{"action":"login","actor_id":"a8600d90-c230-4cf7-a870-4f941cbfd1e2","actor_username":"seller4@seller4.com","actor_via_sso":false,"log_type":"account","traits":{"provider":"email"}}', '2025-07-28 07:43:43.836744+00', ''),
	('00000000-0000-0000-0000-000000000000', '679b0cb4-9312-4661-8ba0-4a507080db15', '{"action":"logout","actor_id":"a8600d90-c230-4cf7-a870-4f941cbfd1e2","actor_username":"seller4@seller4.com","actor_via_sso":false,"log_type":"account"}', '2025-07-28 07:56:28.500746+00', ''),
	('00000000-0000-0000-0000-000000000000', 'c95d0a82-5d64-4257-bd9e-cc84be28bb99', '{"action":"login","actor_id":"ff93d93b-d371-4164-a3ce-8c5998d6754e","actor_username":"vet@vet.com","actor_via_sso":false,"log_type":"account","traits":{"provider":"email"}}', '2025-07-28 07:56:37.00601+00', ''),
	('00000000-0000-0000-0000-000000000000', '2edd768f-9654-4825-ae35-5aa9cff56737', '{"action":"logout","actor_id":"ff93d93b-d371-4164-a3ce-8c5998d6754e","actor_username":"vet@vet.com","actor_via_sso":false,"log_type":"account"}', '2025-07-28 08:06:11.962876+00', ''),
	('00000000-0000-0000-0000-000000000000', '1bf9ce62-deff-4611-b1e8-be572f858851', '{"action":"login","actor_id":"db25842a-f819-4390-a560-08bff6e349d2","actor_username":"load@master.com","actor_via_sso":false,"log_type":"account","traits":{"provider":"email"}}', '2025-07-28 08:34:04.782815+00', ''),
	('00000000-0000-0000-0000-000000000000', 'a9817834-bcb3-429d-89a2-6e887aece25c', '{"action":"token_refreshed","actor_id":"73a17732-b6f0-46de-9f1f-4fc503914341","actor_username":"jcoggon86@gmail.com","actor_via_sso":false,"log_type":"token"}', '2025-07-28 08:36:08.787649+00', ''),
	('00000000-0000-0000-0000-000000000000', 'eac647fb-70e1-4e4e-91ca-ae1c61abecdd', '{"action":"token_revoked","actor_id":"73a17732-b6f0-46de-9f1f-4fc503914341","actor_username":"jcoggon86@gmail.com","actor_via_sso":false,"log_type":"token"}', '2025-07-28 08:36:08.788473+00', ''),
	('00000000-0000-0000-0000-000000000000', '6315c412-161e-428b-b8c4-9e74e9adc611', '{"action":"logout","actor_id":"db25842a-f819-4390-a560-08bff6e349d2","actor_username":"load@master.com","actor_via_sso":false,"log_type":"account"}', '2025-07-28 08:46:57.814365+00', ''),
	('00000000-0000-0000-0000-000000000000', '42f84f8b-6eba-4e6f-90e3-07302410045a', '{"action":"login","actor_id":"4e425b1b-695e-4f6d-a166-28749e1f52c5","actor_username":"seller@seller.com","actor_via_sso":false,"log_type":"account","traits":{"provider":"email"}}', '2025-07-28 08:47:16.08943+00', ''),
	('00000000-0000-0000-0000-000000000000', 'b5a988cb-775d-432e-88e5-75ca99247ae7', '{"action":"logout","actor_id":"4e425b1b-695e-4f6d-a166-28749e1f52c5","actor_username":"seller@seller.com","actor_via_sso":false,"log_type":"account"}', '2025-07-28 08:51:59.737549+00', ''),
	('00000000-0000-0000-0000-000000000000', 'e1d53e1c-07a9-474a-9375-3c5fb7e7c24f', '{"action":"login","actor_id":"ff93d93b-d371-4164-a3ce-8c5998d6754e","actor_username":"vet@vet.com","actor_via_sso":false,"log_type":"account","traits":{"provider":"email"}}', '2025-07-28 08:52:07.247548+00', ''),
	('00000000-0000-0000-0000-000000000000', 'd04dea7f-7f9c-41c1-928d-215a39186ac6', '{"action":"logout","actor_id":"ff93d93b-d371-4164-a3ce-8c5998d6754e","actor_username":"vet@vet.com","actor_via_sso":false,"log_type":"account"}', '2025-07-28 08:52:22.687268+00', ''),
	('00000000-0000-0000-0000-000000000000', '5fb6ae70-7e57-4efb-a951-8d7d3e6077ef', '{"action":"login","actor_id":"db25842a-f819-4390-a560-08bff6e349d2","actor_username":"load@master.com","actor_via_sso":false,"log_type":"account","traits":{"provider":"email"}}', '2025-07-28 08:52:34.078158+00', ''),
	('00000000-0000-0000-0000-000000000000', '5f334e99-d717-4ebb-8e78-babb09616c25', '{"action":"logout","actor_id":"db25842a-f819-4390-a560-08bff6e349d2","actor_username":"load@master.com","actor_via_sso":false,"log_type":"account"}', '2025-07-28 09:04:59.139425+00', ''),
	('00000000-0000-0000-0000-000000000000', '7c97b182-7578-48cf-83a8-8674db0e35ec', '{"action":"logout","actor_id":"73a17732-b6f0-46de-9f1f-4fc503914341","actor_username":"jcoggon86@gmail.com","actor_via_sso":false,"log_type":"account"}', '2025-07-28 09:08:53.028384+00', ''),
	('00000000-0000-0000-0000-000000000000', 'c29fed8c-c08a-41ca-888d-4bba683bfc20', '{"action":"login","actor_id":"db25842a-f819-4390-a560-08bff6e349d2","actor_username":"load@master.com","actor_via_sso":false,"log_type":"account","traits":{"provider":"email"}}', '2025-07-28 09:11:32.199693+00', ''),
	('00000000-0000-0000-0000-000000000000', '1bf55c22-8daf-47b7-a3cd-f44180f6f8fe', '{"action":"logout","actor_id":"db25842a-f819-4390-a560-08bff6e349d2","actor_username":"load@master.com","actor_via_sso":false,"log_type":"account"}', '2025-07-28 09:11:37.435451+00', ''),
	('00000000-0000-0000-0000-000000000000', '403e2d48-3c9c-46ec-a736-5513c5e95837', '{"action":"login","actor_id":"db25842a-f819-4390-a560-08bff6e349d2","actor_username":"load@master.com","actor_via_sso":false,"log_type":"account","traits":{"provider":"email"}}', '2025-07-28 09:13:42.755234+00', ''),
	('00000000-0000-0000-0000-000000000000', '66b7f864-a747-4267-aafe-7e96efbad3f3', '{"action":"logout","actor_id":"db25842a-f819-4390-a560-08bff6e349d2","actor_username":"load@master.com","actor_via_sso":false,"log_type":"account"}', '2025-07-28 09:13:54.916871+00', ''),
	('00000000-0000-0000-0000-000000000000', 'c6ef8c66-aa0c-4da4-8c05-d63f339b3a16', '{"action":"login","actor_id":"88edeea4-8d67-4c70-bd31-54a029613287","actor_username":"super@admin.com","actor_via_sso":false,"log_type":"account","traits":{"provider":"email"}}', '2025-07-28 09:14:04.811615+00', ''),
	('00000000-0000-0000-0000-000000000000', 'ccdcbaa4-b21f-4898-9cc1-f969f548af0e', '{"action":"logout","actor_id":"88edeea4-8d67-4c70-bd31-54a029613287","actor_username":"super@admin.com","actor_via_sso":false,"log_type":"account"}', '2025-07-28 09:15:06.800912+00', ''),
	('00000000-0000-0000-0000-000000000000', 'bf458e52-bb0b-4590-8520-a510c38d269f', '{"action":"user_signedup","actor_id":"93362547-84a1-4c1e-80c8-448d54d7b9c1","actor_username":"johan@aiautomations.co.za","actor_via_sso":false,"log_type":"team","traits":{"provider":"email"}}', '2025-07-28 09:18:37.829057+00', ''),
	('00000000-0000-0000-0000-000000000000', '776e6954-ba3f-447e-a472-a5ff37d3f809', '{"action":"login","actor_id":"93362547-84a1-4c1e-80c8-448d54d7b9c1","actor_username":"johan@aiautomations.co.za","actor_via_sso":false,"log_type":"account","traits":{"provider":"email"}}', '2025-07-28 09:18:37.833076+00', ''),
	('00000000-0000-0000-0000-000000000000', '1551b280-355b-4692-be36-f6b17a8c0622', '{"action":"logout","actor_id":"93362547-84a1-4c1e-80c8-448d54d7b9c1","actor_username":"johan@aiautomations.co.za","actor_via_sso":false,"log_type":"account"}', '2025-07-28 09:21:28.724841+00', ''),
	('00000000-0000-0000-0000-000000000000', '44e1265f-c9bf-4142-ae29-17e39f4b177c', '{"action":"user_signedup","actor_id":"c285e2cf-33ef-4cdd-8a1e-fc3f50afc0e4","actor_username":"johan@streetmonkey.co.za","actor_via_sso":false,"log_type":"team","traits":{"provider":"email"}}', '2025-07-28 09:22:40.858404+00', ''),
	('00000000-0000-0000-0000-000000000000', '1dd0c456-b838-4cba-b9fe-02d54c78c616', '{"action":"login","actor_id":"c285e2cf-33ef-4cdd-8a1e-fc3f50afc0e4","actor_username":"johan@streetmonkey.co.za","actor_via_sso":false,"log_type":"account","traits":{"provider":"email"}}', '2025-07-28 09:22:40.863416+00', ''),
	('00000000-0000-0000-0000-000000000000', '1bdeb022-baba-4dde-b0d7-4065b6226a13', '{"action":"login","actor_id":"88edeea4-8d67-4c70-bd31-54a029613287","actor_username":"super@admin.com","actor_via_sso":false,"log_type":"account","traits":{"provider":"email"}}', '2025-07-28 09:23:08.089388+00', ''),
	('00000000-0000-0000-0000-000000000000', 'db404870-df1c-40d0-be80-122cca7acf9a', '{"action":"logout","actor_id":"88edeea4-8d67-4c70-bd31-54a029613287","actor_username":"super@admin.com","actor_via_sso":false,"log_type":"account"}', '2025-07-28 09:23:43.673672+00', ''),
	('00000000-0000-0000-0000-000000000000', '85577588-1038-4b6b-8bb2-bb343e92588e', '{"action":"login","actor_id":"73a17732-b6f0-46de-9f1f-4fc503914341","actor_username":"jcoggon86@gmail.com","actor_via_sso":false,"log_type":"account","traits":{"provider":"email"}}', '2025-07-28 09:23:51.434109+00', ''),
	('00000000-0000-0000-0000-000000000000', 'bd97b910-bb19-4cce-a357-52563a529414', '{"action":"logout","actor_id":"c285e2cf-33ef-4cdd-8a1e-fc3f50afc0e4","actor_username":"johan@streetmonkey.co.za","actor_via_sso":false,"log_type":"account"}', '2025-07-28 09:28:07.711711+00', ''),
	('00000000-0000-0000-0000-000000000000', 'db6c1b7e-96d1-4c3d-b347-dd643fe481a1', '{"action":"login","actor_id":"4e425b1b-695e-4f6d-a166-28749e1f52c5","actor_username":"seller@seller.com","actor_via_sso":false,"log_type":"account","traits":{"provider":"email"}}', '2025-07-28 09:31:15.24736+00', ''),
	('00000000-0000-0000-0000-000000000000', '2357ac97-8e3d-4703-90c3-6a0ee11c64b8', '{"action":"logout","actor_id":"4e425b1b-695e-4f6d-a166-28749e1f52c5","actor_username":"seller@seller.com","actor_via_sso":false,"log_type":"account"}', '2025-07-28 09:32:41.915291+00', ''),
	('00000000-0000-0000-0000-000000000000', 'c753930e-c4ac-4ea0-8c75-02f5946a564b', '{"action":"login","actor_id":"93362547-84a1-4c1e-80c8-448d54d7b9c1","actor_username":"johan@aiautomations.co.za","actor_via_sso":false,"log_type":"account","traits":{"provider":"email"}}', '2025-07-28 09:33:21.324413+00', ''),
	('00000000-0000-0000-0000-000000000000', '6cc9f9f0-60ff-49f1-a988-27336a0d9e09', '{"action":"logout","actor_id":"73a17732-b6f0-46de-9f1f-4fc503914341","actor_username":"jcoggon86@gmail.com","actor_via_sso":false,"log_type":"account"}', '2025-07-28 09:33:53.352269+00', ''),
	('00000000-0000-0000-0000-000000000000', '33d9cb4c-52eb-438e-ace6-7fc7ef9a2da9', '{"action":"logout","actor_id":"93362547-84a1-4c1e-80c8-448d54d7b9c1","actor_username":"johan@aiautomations.co.za","actor_via_sso":false,"log_type":"account"}', '2025-07-28 09:34:01.687631+00', ''),
	('00000000-0000-0000-0000-000000000000', 'b871519f-0f59-4164-9294-a38c3e966403', '{"action":"user_signedup","actor_id":"3984c0a6-2a8c-40fc-94d8-989a49b7557c","actor_username":"seller5@seller5.com","actor_via_sso":false,"log_type":"team","traits":{"provider":"email"}}', '2025-07-28 09:34:19.652873+00', ''),
	('00000000-0000-0000-0000-000000000000', '2a4e2c68-365a-417b-b72e-67eb74bf1337', '{"action":"login","actor_id":"3984c0a6-2a8c-40fc-94d8-989a49b7557c","actor_username":"seller5@seller5.com","actor_via_sso":false,"log_type":"account","traits":{"provider":"email"}}', '2025-07-28 09:34:19.657857+00', ''),
	('00000000-0000-0000-0000-000000000000', '92732329-6919-4cec-ab95-a480c244ad2a', '{"action":"user_signedup","actor_id":"896d0d8b-6bc1-4ff7-b9bf-6d8624b1ea47","actor_username":"johan@test.co.za","actor_via_sso":false,"log_type":"team","traits":{"provider":"email"}}', '2025-07-28 09:34:55.383102+00', ''),
	('00000000-0000-0000-0000-000000000000', '0462e124-7df2-4016-88b7-1eed3507a9b6', '{"action":"login","actor_id":"896d0d8b-6bc1-4ff7-b9bf-6d8624b1ea47","actor_username":"johan@test.co.za","actor_via_sso":false,"log_type":"account","traits":{"provider":"email"}}', '2025-07-28 09:34:55.386139+00', ''),
	('00000000-0000-0000-0000-000000000000', '1619d319-7a9c-4a5d-89f3-f1e9ce228ac8', '{"action":"logout","actor_id":"896d0d8b-6bc1-4ff7-b9bf-6d8624b1ea47","actor_username":"johan@test.co.za","actor_via_sso":false,"log_type":"account"}', '2025-07-28 09:36:08.279521+00', ''),
	('00000000-0000-0000-0000-000000000000', '27ad97fa-b0a6-490d-be5c-1d3a078cd6f3', '{"action":"logout","actor_id":"3984c0a6-2a8c-40fc-94d8-989a49b7557c","actor_username":"seller5@seller5.com","actor_via_sso":false,"log_type":"account"}', '2025-07-28 09:36:25.828172+00', ''),
	('00000000-0000-0000-0000-000000000000', '41f2662e-e733-458b-bf1f-1b712715f2a4', '{"action":"login","actor_id":"73a17732-b6f0-46de-9f1f-4fc503914341","actor_username":"jcoggon86@gmail.com","actor_via_sso":false,"log_type":"account","traits":{"provider":"email"}}', '2025-07-28 09:36:32.294315+00', ''),
	('00000000-0000-0000-0000-000000000000', 'e82cb664-398f-4ab5-8609-3bd3a06ae079', '{"action":"login","actor_id":"93362547-84a1-4c1e-80c8-448d54d7b9c1","actor_username":"johan@aiautomations.co.za","actor_via_sso":false,"log_type":"account","traits":{"provider":"email"}}', '2025-07-28 09:36:58.566856+00', ''),
	('00000000-0000-0000-0000-000000000000', '4338c581-0430-4dba-8d32-f0dcbed79500', '{"action":"logout","actor_id":"93362547-84a1-4c1e-80c8-448d54d7b9c1","actor_username":"johan@aiautomations.co.za","actor_via_sso":false,"log_type":"account"}', '2025-07-28 09:37:17.551458+00', ''),
	('00000000-0000-0000-0000-000000000000', 'e4eb5680-3e46-416c-b6e3-8999bed1cdea', '{"action":"login","actor_id":"896d0d8b-6bc1-4ff7-b9bf-6d8624b1ea47","actor_username":"johan@test.co.za","actor_via_sso":false,"log_type":"account","traits":{"provider":"email"}}', '2025-07-28 09:37:28.710066+00', '');


--
-- Data for Name: flow_state; Type: TABLE DATA; Schema: auth; Owner: supabase_auth_admin
--



--
-- Data for Name: users; Type: TABLE DATA; Schema: auth; Owner: supabase_auth_admin
--

INSERT INTO "auth"."users" ("instance_id", "id", "aud", "role", "email", "encrypted_password", "email_confirmed_at", "invited_at", "confirmation_token", "confirmation_sent_at", "recovery_token", "recovery_sent_at", "email_change_token_new", "email_change", "email_change_sent_at", "last_sign_in_at", "raw_app_meta_data", "raw_user_meta_data", "is_super_admin", "created_at", "updated_at", "phone", "phone_confirmed_at", "phone_change", "phone_change_token", "phone_change_sent_at", "email_change_token_current", "email_change_confirm_status", "banned_until", "reauthentication_token", "reauthentication_sent_at", "is_sso_user", "deleted_at", "is_anonymous") VALUES
	('00000000-0000-0000-0000-000000000000', 'ff93d93b-d371-4164-a3ce-8c5998d6754e', 'authenticated', 'authenticated', 'vet@vet.com', '$2a$10$ZEjSSPbN7E1Nh519HovEj.0OjwUW8cyIGY0oxS3M46VU26rO6w10e', '2025-07-28 06:28:36.69294+00', NULL, '', NULL, '', NULL, '', '', NULL, '2025-07-28 08:52:07.248253+00', '{"provider": "email", "providers": ["email"]}', '{"sub": "ff93d93b-d371-4164-a3ce-8c5998d6754e", "role": "vet", "email": "vet@vet.com", "phone": "0823880753", "language": "en", "last_name": "Vet", "first_name": "Vet", "email_verified": true, "phone_verified": false}', NULL, '2025-07-28 06:28:36.669146+00', '2025-07-28 08:52:07.252292+00', NULL, NULL, '', '', NULL, '', 0, NULL, '', NULL, false, NULL, false),
	('00000000-0000-0000-0000-000000000000', 'a8600d90-c230-4cf7-a870-4f941cbfd1e2', 'authenticated', 'authenticated', 'seller4@seller4.com', '$2a$10$2PyYWGnlzYZ8dNDyM4QeX.JCiu9vr2Agv6Y0PNDiyLopRNp3/S4IK', '2025-07-28 07:43:43.832726+00', NULL, '', NULL, '', NULL, '', '', NULL, '2025-07-28 07:43:43.837169+00', '{"provider": "email", "providers": ["email"]}', '{"sub": "a8600d90-c230-4cf7-a870-4f941cbfd1e2", "role": "seller", "email": "seller4@seller4.com", "phone": "0823880753", "language": "en", "last_name": "Seller4", "first_name": "Seller4", "email_verified": true, "phone_verified": false}', NULL, '2025-07-28 07:43:43.81989+00', '2025-07-28 07:43:43.840218+00', NULL, NULL, '', '', NULL, '', 0, NULL, '', NULL, false, NULL, false),
	('00000000-0000-0000-0000-000000000000', '77846881-b679-47a7-b910-6ea3fbf2cd12', 'authenticated', 'authenticated', 'seller1@seller1.com', '$2a$10$1KUFLZ1F6wwCU4xG1gbVNONgWQwWPSYZLLNQfFtrgpw9pq/QTgnF2', '2025-07-28 07:27:46.748249+00', NULL, '', NULL, '', NULL, '', '', NULL, '2025-07-28 07:27:46.751767+00', '{"provider": "email", "providers": ["email"]}', '{"sub": "77846881-b679-47a7-b910-6ea3fbf2cd12", "role": "seller", "email": "seller1@seller1.com", "phone": "0823880753", "language": "en", "last_name": "Seller1", "first_name": "Seller1", "email_verified": true, "phone_verified": false}', NULL, '2025-07-28 07:27:46.736449+00', '2025-07-28 07:27:46.754942+00', NULL, NULL, '', '', NULL, '', 0, NULL, '', NULL, false, NULL, false),
	('00000000-0000-0000-0000-000000000000', 'b6899180-3d7c-457a-b62a-359370431fd3', 'authenticated', 'authenticated', 'seller2@seller2.com', '$2a$10$/cBnyXPvejve3ylJXAQoreVx35PPRTMFwpy3Em8JWNXU420gTXPAy', '2025-07-28 07:16:53.857722+00', NULL, '', NULL, '', NULL, '', '', NULL, '2025-07-28 07:16:53.861572+00', '{"provider": "email", "providers": ["email"]}', '{"sub": "b6899180-3d7c-457a-b62a-359370431fd3", "role": "seller", "email": "seller2@seller2.com", "phone": "0823880753", "language": "en", "last_name": "Seller2", "first_name": "Seller2", "email_verified": true, "phone_verified": false}', NULL, '2025-07-28 07:16:53.846065+00', '2025-07-28 07:16:53.866977+00', NULL, NULL, '', '', NULL, '', 0, NULL, '', NULL, false, NULL, false),
	('00000000-0000-0000-0000-000000000000', 'db25842a-f819-4390-a560-08bff6e349d2', 'authenticated', 'authenticated', 'load@master.com', '$2a$10$n0mplKKrtqWAkp8TcG4bxeqiBEFGVnNx06hA03pgc4Lnkr1flTwa2', '2025-07-28 06:30:04.670386+00', NULL, '', NULL, '', NULL, '', '', NULL, '2025-07-28 09:13:42.756153+00', '{"provider": "email", "providers": ["email"]}', '{"sub": "db25842a-f819-4390-a560-08bff6e349d2", "role": "load_master", "email": "load@master.com", "phone": "0823880753", "language": "en", "last_name": "Master", "first_name": "Load", "email_verified": true, "phone_verified": false}', NULL, '2025-07-28 06:30:04.662662+00', '2025-07-28 09:13:42.758567+00', NULL, NULL, '', '', NULL, '', 0, NULL, '', NULL, false, NULL, false),
	('00000000-0000-0000-0000-000000000000', '88edeea4-8d67-4c70-bd31-54a029613287', 'authenticated', 'authenticated', 'super@admin.com', '$2a$10$d2QkGMxKnt22Fo5vMW3WOu671QZOfEmCV8Ba5VjFwq3tA9T6Ucrva', '2025-07-27 15:57:03.007654+00', NULL, '', NULL, '', NULL, '', '', NULL, '2025-07-28 09:23:08.090057+00', '{"provider": "email", "providers": ["email"]}', '{"sub": "88edeea4-8d67-4c70-bd31-54a029613287", "role": "super_admin", "email": "super@admin.com", "phone": "0123456789", "language": "en", "last_name": "Admin", "first_name": "Super", "company_name": "Super Admin", "email_verified": true, "phone_verified": false}', NULL, '2025-07-27 15:57:02.955962+00', '2025-07-28 09:23:08.091737+00', NULL, NULL, '', '', NULL, '', 0, NULL, '', NULL, false, NULL, false),
	('00000000-0000-0000-0000-000000000000', '73a17732-b6f0-46de-9f1f-4fc503914341', 'authenticated', 'authenticated', 'jcoggon86@gmail.com', '$2a$10$WcjkIMgKfKEF66ZfAMF0nOwVs4fQpCNjfEc/BPanFt9Ww49Kd1u/G', '2025-07-28 06:38:38.881987+00', NULL, '', NULL, '', NULL, '', '', NULL, '2025-07-28 09:36:32.294961+00', '{"provider": "email", "providers": ["email"]}', '{"sub": "73a17732-b6f0-46de-9f1f-4fc503914341", "role": "admin", "email": "jcoggon86@gmail.com", "phone": "0823880753", "language": "en", "last_name": "Coggon", "first_name": "Jason", "email_verified": true, "phone_verified": false}', NULL, '2025-07-28 06:38:38.870809+00', '2025-07-28 09:36:32.296602+00', NULL, NULL, '', '', NULL, '', 0, NULL, '', NULL, false, NULL, false),
	('00000000-0000-0000-0000-000000000000', '970fe15e-4cf4-46f0-b66a-805cef1abace', 'authenticated', 'authenticated', 'seller3@seller3.com', '$2a$10$NwRi64/SIDuc3bX1YPtk9eDXzPCNTOV9HtifSFtB0iKCfy9ziOP2K', '2025-07-28 07:34:30.68682+00', NULL, '', NULL, '', NULL, '', '', NULL, '2025-07-28 07:34:30.690782+00', '{"provider": "email", "providers": ["email"]}', '{"sub": "970fe15e-4cf4-46f0-b66a-805cef1abace", "role": "seller", "email": "seller3@seller3.com", "phone": "0823880753", "language": "en", "last_name": "Seller3", "first_name": "Seller3", "email_verified": true, "phone_verified": false}', NULL, '2025-07-28 07:34:30.67044+00', '2025-07-28 07:34:30.693898+00', NULL, NULL, '', '', NULL, '', 0, NULL, '', NULL, false, NULL, false),
	('00000000-0000-0000-0000-000000000000', '93362547-84a1-4c1e-80c8-448d54d7b9c1', 'authenticated', 'authenticated', 'johan@aiautomations.co.za', '$2a$10$ftIoLjmJls8dnldaUcxtTOkFAI46vAiR3vAOL/2WSUdzir2xrUK/6', '2025-07-28 09:18:37.82971+00', NULL, '', NULL, '', NULL, '', '', NULL, '2025-07-28 09:36:58.567513+00', '{"provider": "email", "providers": ["email"]}', '{"sub": "93362547-84a1-4c1e-80c8-448d54d7b9c1", "role": "admin", "email": "johan@aiautomations.co.za", "phone": "0827728254", "language": "en", "last_name": "Dercksen", "first_name": "Johan", "email_verified": true, "phone_verified": false}', NULL, '2025-07-28 09:18:37.813187+00', '2025-07-28 09:36:58.569209+00', NULL, NULL, '', '', NULL, '', 0, NULL, '', NULL, false, NULL, false),
	('00000000-0000-0000-0000-000000000000', '4e425b1b-695e-4f6d-a166-28749e1f52c5', 'authenticated', 'authenticated', 'seller@seller.com', '$2a$10$00AZGqm.FXtBm/WFjXxv7OOVEINsQc79VjrQVzi89k2ylkYbti5N2', '2025-07-28 06:17:32.371623+00', NULL, '', NULL, '', NULL, '', '', NULL, '2025-07-28 09:31:15.248952+00', '{"provider": "email", "providers": ["email"]}', '{"sub": "4e425b1b-695e-4f6d-a166-28749e1f52c5", "role": "seller", "email": "seller@seller.com", "phone": "0823880753", "language": "en", "last_name": "Seller", "first_name": "Seller", "email_verified": true, "phone_verified": false}', NULL, '2025-07-28 06:17:32.35405+00', '2025-07-28 09:31:15.253072+00', NULL, NULL, '', '', NULL, '', 0, NULL, '', NULL, false, NULL, false),
	('00000000-0000-0000-0000-000000000000', 'c285e2cf-33ef-4cdd-8a1e-fc3f50afc0e4', 'authenticated', 'authenticated', 'johan@streetmonkey.co.za', '$2a$10$luIpklKxmoqOUYy2YM4b7.LjQzM3uDFrcK.AR4aK1aCvwcZjQG97m', '2025-07-28 09:22:40.859089+00', NULL, '', NULL, '', NULL, '', '', NULL, '2025-07-28 09:22:40.863925+00', '{"provider": "email", "providers": ["email"]}', '{"sub": "c285e2cf-33ef-4cdd-8a1e-fc3f50afc0e4", "role": "seller", "email": "johan@streetmonkey.co.za", "phone": "0827728254", "language": "en", "last_name": "Kombuis", "first_name": "Piet", "email_verified": true, "phone_verified": false}', NULL, '2025-07-28 09:22:40.847047+00', '2025-07-28 09:22:40.866927+00', NULL, NULL, '', '', NULL, '', 0, NULL, '', NULL, false, NULL, false),
	('00000000-0000-0000-0000-000000000000', '896d0d8b-6bc1-4ff7-b9bf-6d8624b1ea47', 'authenticated', 'authenticated', 'johan@test.co.za', '$2a$10$6KXDOl.dEFaC3Kpseo3LiOY1ScOOK4bg6O.WAzfHJmHDZVnaZt3Em', '2025-07-28 09:34:55.383556+00', NULL, '', NULL, '', NULL, '', '', NULL, '2025-07-28 09:37:28.710711+00', '{"provider": "email", "providers": ["email"]}', '{"sub": "896d0d8b-6bc1-4ff7-b9bf-6d8624b1ea47", "role": "seller", "email": "johan@test.co.za", "phone": "0827728254", "language": "en", "last_name": "test", "first_name": "Johan", "email_verified": true, "phone_verified": false}', NULL, '2025-07-28 09:34:55.376264+00', '2025-07-28 09:37:28.713019+00', NULL, NULL, '', '', NULL, '', 0, NULL, '', NULL, false, NULL, false),
	('00000000-0000-0000-0000-000000000000', '3984c0a6-2a8c-40fc-94d8-989a49b7557c', 'authenticated', 'authenticated', 'seller5@seller5.com', '$2a$10$7YWKz9bveoNzLBW2ocPJIuaIAYooMozYbXwX0id.zlW4iZ65C4242', '2025-07-28 09:34:19.653475+00', NULL, '', NULL, '', NULL, '', '', NULL, '2025-07-28 09:34:19.658298+00', '{"provider": "email", "providers": ["email"]}', '{"sub": "3984c0a6-2a8c-40fc-94d8-989a49b7557c", "role": "seller", "email": "seller5@seller5.com", "phone": "0823880753", "language": "en", "last_name": "Seller5", "first_name": "Seller5", "email_verified": true, "phone_verified": false}', NULL, '2025-07-28 09:34:19.638635+00', '2025-07-28 09:34:19.661816+00', NULL, NULL, '', '', NULL, '', 0, NULL, '', NULL, false, NULL, false);


--
-- Data for Name: identities; Type: TABLE DATA; Schema: auth; Owner: supabase_auth_admin
--

INSERT INTO "auth"."identities" ("provider_id", "user_id", "identity_data", "provider", "last_sign_in_at", "created_at", "updated_at", "id") VALUES
	('88edeea4-8d67-4c70-bd31-54a029613287', '88edeea4-8d67-4c70-bd31-54a029613287', '{"sub": "88edeea4-8d67-4c70-bd31-54a029613287", "role": "super_admin", "email": "super@admin.com", "phone": "0123456789", "language": "en", "last_name": "Admin", "first_name": "Super", "company_name": "Super Admin", "email_verified": false, "phone_verified": false}', 'email', '2025-07-27 15:57:02.989329+00', '2025-07-27 15:57:02.989391+00', '2025-07-27 15:57:02.989391+00', 'b742168d-68c1-472f-b564-d44f4da41fe3'),
	('4e425b1b-695e-4f6d-a166-28749e1f52c5', '4e425b1b-695e-4f6d-a166-28749e1f52c5', '{"sub": "4e425b1b-695e-4f6d-a166-28749e1f52c5", "role": "seller", "email": "seller@seller.com", "phone": "0823880753", "language": "en", "last_name": "Seller", "first_name": "Seller", "email_verified": false, "phone_verified": false}', 'email', '2025-07-28 06:17:32.367582+00', '2025-07-28 06:17:32.367631+00', '2025-07-28 06:17:32.367631+00', '91396f76-d9e4-4654-b7cb-bbc366539006'),
	('ff93d93b-d371-4164-a3ce-8c5998d6754e', 'ff93d93b-d371-4164-a3ce-8c5998d6754e', '{"sub": "ff93d93b-d371-4164-a3ce-8c5998d6754e", "role": "vet", "email": "vet@vet.com", "phone": "0823880753", "language": "en", "last_name": "Vet", "first_name": "Vet", "email_verified": false, "phone_verified": false}', 'email', '2025-07-28 06:28:36.689511+00', '2025-07-28 06:28:36.689577+00', '2025-07-28 06:28:36.689577+00', 'fc4046bc-8a6a-4d99-b782-7585b317b555'),
	('db25842a-f819-4390-a560-08bff6e349d2', 'db25842a-f819-4390-a560-08bff6e349d2', '{"sub": "db25842a-f819-4390-a560-08bff6e349d2", "role": "load_master", "email": "load@master.com", "phone": "0823880753", "language": "en", "last_name": "Master", "first_name": "Load", "email_verified": false, "phone_verified": false}', 'email', '2025-07-28 06:30:04.667996+00', '2025-07-28 06:30:04.668042+00', '2025-07-28 06:30:04.668042+00', '482d637c-e239-4b62-b22e-eb6a127b26a5'),
	('73a17732-b6f0-46de-9f1f-4fc503914341', '73a17732-b6f0-46de-9f1f-4fc503914341', '{"sub": "73a17732-b6f0-46de-9f1f-4fc503914341", "role": "admin", "email": "jcoggon86@gmail.com", "phone": "0823880753", "language": "en", "last_name": "Coggon", "first_name": "Jason", "email_verified": false, "phone_verified": false}', 'email', '2025-07-28 06:38:38.877687+00', '2025-07-28 06:38:38.87774+00', '2025-07-28 06:38:38.87774+00', '7e8d3f0b-82f7-456d-90f6-c17f5cbec53b'),
	('b6899180-3d7c-457a-b62a-359370431fd3', 'b6899180-3d7c-457a-b62a-359370431fd3', '{"sub": "b6899180-3d7c-457a-b62a-359370431fd3", "role": "seller", "email": "seller2@seller2.com", "phone": "0823880753", "language": "en", "last_name": "Seller2", "first_name": "Seller2", "email_verified": false, "phone_verified": false}', 'email', '2025-07-28 07:16:53.853975+00', '2025-07-28 07:16:53.854023+00', '2025-07-28 07:16:53.854023+00', '7c24f032-a3e4-49fb-921f-76ee54c9cac0'),
	('77846881-b679-47a7-b910-6ea3fbf2cd12', '77846881-b679-47a7-b910-6ea3fbf2cd12', '{"sub": "77846881-b679-47a7-b910-6ea3fbf2cd12", "role": "seller", "email": "seller1@seller1.com", "phone": "0823880753", "language": "en", "last_name": "Seller1", "first_name": "Seller1", "email_verified": false, "phone_verified": false}', 'email', '2025-07-28 07:27:46.744107+00', '2025-07-28 07:27:46.744152+00', '2025-07-28 07:27:46.744152+00', 'af3584ee-dd19-4a85-83d9-175a7c6b4271'),
	('970fe15e-4cf4-46f0-b66a-805cef1abace', '970fe15e-4cf4-46f0-b66a-805cef1abace', '{"sub": "970fe15e-4cf4-46f0-b66a-805cef1abace", "role": "seller", "email": "seller3@seller3.com", "phone": "0823880753", "language": "en", "last_name": "Seller3", "first_name": "Seller3", "email_verified": false, "phone_verified": false}', 'email', '2025-07-28 07:34:30.682987+00', '2025-07-28 07:34:30.683035+00', '2025-07-28 07:34:30.683035+00', '838ebb57-ed86-4c4c-a2b9-23743bccf66b'),
	('a8600d90-c230-4cf7-a870-4f941cbfd1e2', 'a8600d90-c230-4cf7-a870-4f941cbfd1e2', '{"sub": "a8600d90-c230-4cf7-a870-4f941cbfd1e2", "role": "seller", "email": "seller4@seller4.com", "phone": "0823880753", "language": "en", "last_name": "Seller4", "first_name": "Seller4", "email_verified": false, "phone_verified": false}', 'email', '2025-07-28 07:43:43.828714+00', '2025-07-28 07:43:43.828768+00', '2025-07-28 07:43:43.828768+00', '085421b7-73b2-4a5b-9644-2a5c2b3cf660'),
	('93362547-84a1-4c1e-80c8-448d54d7b9c1', '93362547-84a1-4c1e-80c8-448d54d7b9c1', '{"sub": "93362547-84a1-4c1e-80c8-448d54d7b9c1", "role": "admin", "email": "johan@aiautomations.co.za", "phone": "0827728254", "language": "en", "last_name": "Dercksen", "first_name": "Johan", "email_verified": false, "phone_verified": false}', 'email', '2025-07-28 09:18:37.825931+00', '2025-07-28 09:18:37.825992+00', '2025-07-28 09:18:37.825992+00', '2169f78c-1745-4143-bf63-ccb2d8b56aa1'),
	('c285e2cf-33ef-4cdd-8a1e-fc3f50afc0e4', 'c285e2cf-33ef-4cdd-8a1e-fc3f50afc0e4', '{"sub": "c285e2cf-33ef-4cdd-8a1e-fc3f50afc0e4", "role": "seller", "email": "johan@streetmonkey.co.za", "phone": "0827728254", "language": "en", "last_name": "Kombuis", "first_name": "Piet", "email_verified": false, "phone_verified": false}', 'email', '2025-07-28 09:22:40.855154+00', '2025-07-28 09:22:40.8552+00', '2025-07-28 09:22:40.8552+00', 'd2593618-3e76-46e3-b5ee-97cc2e6ff710'),
	('3984c0a6-2a8c-40fc-94d8-989a49b7557c', '3984c0a6-2a8c-40fc-94d8-989a49b7557c', '{"sub": "3984c0a6-2a8c-40fc-94d8-989a49b7557c", "role": "seller", "email": "seller5@seller5.com", "phone": "0823880753", "language": "en", "last_name": "Seller5", "first_name": "Seller5", "email_verified": false, "phone_verified": false}', 'email', '2025-07-28 09:34:19.650354+00', '2025-07-28 09:34:19.650397+00', '2025-07-28 09:34:19.650397+00', '1457ceb5-e49c-48b0-9fa5-9bc9aab62aa1'),
	('896d0d8b-6bc1-4ff7-b9bf-6d8624b1ea47', '896d0d8b-6bc1-4ff7-b9bf-6d8624b1ea47', '{"sub": "896d0d8b-6bc1-4ff7-b9bf-6d8624b1ea47", "role": "seller", "email": "johan@test.co.za", "phone": "0827728254", "language": "en", "last_name": "test", "first_name": "Johan", "email_verified": false, "phone_verified": false}', 'email', '2025-07-28 09:34:55.37952+00', '2025-07-28 09:34:55.379569+00', '2025-07-28 09:34:55.379569+00', 'c32ec3ee-eb2a-4433-9384-b280eb48399f');


--
-- Data for Name: instances; Type: TABLE DATA; Schema: auth; Owner: supabase_auth_admin
--



--
-- Data for Name: sessions; Type: TABLE DATA; Schema: auth; Owner: supabase_auth_admin
--

INSERT INTO "auth"."sessions" ("id", "user_id", "created_at", "updated_at", "factor_id", "aal", "not_after", "refreshed_at", "user_agent", "ip", "tag") VALUES
	('028b6023-74ca-487d-92c9-a33fc95bf076', '73a17732-b6f0-46de-9f1f-4fc503914341', '2025-07-28 09:36:32.29503+00', '2025-07-28 09:36:32.29503+00', NULL, 'aal1', NULL, NULL, 'Mozilla/5.0 (Macintosh; Intel Mac OS X 10_15_7) AppleWebKit/537.36 (KHTML, like Gecko) Chrome/138.0.0.0 Safari/537.36', '155.93.195.77', NULL),
	('7dff1430-382b-462e-abfb-f60e1b0e2b8f', '896d0d8b-6bc1-4ff7-b9bf-6d8624b1ea47', '2025-07-28 09:37:28.710779+00', '2025-07-28 09:37:28.710779+00', NULL, 'aal1', NULL, NULL, 'Mozilla/5.0 (Windows NT 10.0; Win64; x64) AppleWebKit/537.36 (KHTML, like Gecko) Chrome/138.0.0.0 Safari/537.36', '165.73.28.188', NULL);


--
-- Data for Name: mfa_amr_claims; Type: TABLE DATA; Schema: auth; Owner: supabase_auth_admin
--

INSERT INTO "auth"."mfa_amr_claims" ("session_id", "created_at", "updated_at", "authentication_method", "id") VALUES
	('7dff1430-382b-462e-abfb-f60e1b0e2b8f', '2025-07-28 09:37:28.713328+00', '2025-07-28 09:37:28.713328+00', 'password', '5515d3a8-c2db-4c83-bc26-150ac191bd73'),
	('028b6023-74ca-487d-92c9-a33fc95bf076', '2025-07-28 09:36:32.296906+00', '2025-07-28 09:36:32.296906+00', 'password', '1c1bfdf2-6f2c-4969-bd47-94f81661499f');


--
-- Data for Name: mfa_factors; Type: TABLE DATA; Schema: auth; Owner: supabase_auth_admin
--



--
-- Data for Name: mfa_challenges; Type: TABLE DATA; Schema: auth; Owner: supabase_auth_admin
--



--
-- Data for Name: one_time_tokens; Type: TABLE DATA; Schema: auth; Owner: supabase_auth_admin
--



--
-- Data for Name: refresh_tokens; Type: TABLE DATA; Schema: auth; Owner: supabase_auth_admin
--

INSERT INTO "auth"."refresh_tokens" ("instance_id", "id", "token", "user_id", "revoked", "created_at", "updated_at", "parent", "session_id") VALUES
	('00000000-0000-0000-0000-000000000000', 446, 'glcktbui7hay', '73a17732-b6f0-46de-9f1f-4fc503914341', false, '2025-07-28 09:36:32.295749+00', '2025-07-28 09:36:32.295749+00', NULL, '028b6023-74ca-487d-92c9-a33fc95bf076'),
	('00000000-0000-0000-0000-000000000000', 448, 'jegjfnhugjlz', '896d0d8b-6bc1-4ff7-b9bf-6d8624b1ea47', false, '2025-07-28 09:37:28.712146+00', '2025-07-28 09:37:28.712146+00', NULL, '7dff1430-382b-462e-abfb-f60e1b0e2b8f');


--
-- Data for Name: sso_providers; Type: TABLE DATA; Schema: auth; Owner: supabase_auth_admin
--



--
-- Data for Name: saml_providers; Type: TABLE DATA; Schema: auth; Owner: supabase_auth_admin
--



--
-- Data for Name: saml_relay_states; Type: TABLE DATA; Schema: auth; Owner: supabase_auth_admin
--



--
-- Data for Name: sso_domains; Type: TABLE DATA; Schema: auth; Owner: supabase_auth_admin
--



--
-- Data for Name: profiles; Type: TABLE DATA; Schema: public; Owner: postgres
--

INSERT INTO "public"."profiles" ("id", "email", "first_name", "last_name", "role", "status", "language_preference", "phone", "company_name", "registration_number", "address", "city", "province", "postal_code", "approved_by", "approved_at", "created_at", "updated_at", "profile_completed", "profile_completed_at", "responsible_person_name", "responsible_person_designation", "declaration_no_cloven_hooved_animals", "declaration_livestock_kept_away", "declaration_no_animal_origin_feed", "declaration_veterinary_products_registered", "declaration_no_foot_mouth_disease", "declaration_no_foot_mouth_disease_farm", "declaration_livestock_south_africa", "declaration_no_gene_editing", "declaration_responsible_person_definition", "signature_data", "signature_date", "signed_location", "seller_entity_name", "seller_ownership_type", "seller_responsible_person_title", "signature_url", "signed_at", "brand_mark_url", "id_document_url", "ownership_type", "entity_name", "responsible_person_title", "agency_represented", "appointment_letter_url", "apac_registration_url", "practice_letter_head_url") VALUES
	('88edeea4-8d67-4c70-bd31-54a029613287', 'super@admin.com', 'Super', 'Admin', 'super_admin', 'approved', 'en', NULL, NULL, NULL, NULL, NULL, NULL, NULL, NULL, NULL, '2025-07-27 15:57:02.951003+00', '2025-07-27 15:57:02.951003+00', false, NULL, NULL, NULL, false, false, false, false, false, false, false, false, false, NULL, NULL, NULL, NULL, NULL, NULL, NULL, NULL, NULL, NULL, NULL, NULL, NULL, NULL, NULL, NULL, NULL),
	('93362547-84a1-4c1e-80c8-448d54d7b9c1', 'johan@aiautomations.co.za', 'Johan', 'Dercksen', 'admin', 'approved', 'en', NULL, NULL, NULL, NULL, NULL, NULL, NULL, NULL, NULL, '2025-07-28 09:18:37.812831+00', '2025-07-28 09:19:23.064336+00', false, NULL, NULL, NULL, false, false, false, false, false, false, false, false, false, NULL, NULL, NULL, NULL, NULL, NULL, NULL, NULL, NULL, NULL, NULL, NULL, NULL, NULL, NULL, NULL, NULL),
	('73a17732-b6f0-46de-9f1f-4fc503914341', 'jcoggon86@gmail.com', 'Jason', 'Coggon', 'admin', 'approved', 'en', NULL, NULL, NULL, NULL, NULL, NULL, NULL, NULL, NULL, '2025-07-28 06:38:38.870467+00', '2025-07-28 06:41:02.868694+00', false, NULL, NULL, NULL, false, false, false, false, false, false, false, false, false, NULL, NULL, NULL, NULL, NULL, NULL, NULL, NULL, NULL, NULL, NULL, NULL, NULL, NULL, NULL, NULL, NULL),
	('db25842a-f819-4390-a560-08bff6e349d2', 'load@master.com', 'Load', 'Master', 'load_master', 'approved', 'en', NULL, NULL, NULL, NULL, NULL, NULL, NULL, NULL, NULL, '2025-07-28 06:30:04.662331+00', '2025-07-28 06:41:05.89229+00', true, '2025-07-28 06:38:01.999+00', NULL, NULL, false, false, false, false, false, false, false, false, false, NULL, NULL, NULL, NULL, NULL, NULL, NULL, NULL, NULL, 'https://wtfnnkrmvpmmsvciejmv.supabase.co/storage/v1/object/public/livestock_affidavits/affidavit_db25842a-f819-4390-a560-08bff6e349d2_1753684678607.jpeg', NULL, NULL, NULL, NULL, NULL, NULL, NULL),
	('ff93d93b-d371-4164-a3ce-8c5998d6754e', 'vet@vet.com', 'Vet', 'Vet', 'vet', 'approved', 'en', NULL, NULL, '235245245245245', NULL, NULL, NULL, NULL, NULL, NULL, '2025-07-28 06:28:36.668163+00', '2025-07-28 06:41:08.211486+00', true, '2025-07-28 06:29:11.337+00', NULL, NULL, false, false, false, false, false, false, false, false, false, NULL, NULL, NULL, NULL, NULL, NULL, NULL, NULL, NULL, 'https://wtfnnkrmvpmmsvciejmv.supabase.co/storage/v1/object/public/livestock_affidavits/affidavit_ff93d93b-d371-4164-a3ce-8c5998d6754e_1753684140965.jpeg', NULL, NULL, NULL, NULL, NULL, NULL, 'https://wtfnnkrmvpmmsvciejmv.supabase.co/storage/v1/object/public/documents/vet-letterhead_ff93d93b-d371-4164-a3ce-8c5998d6754e_1753684147789.jpeg'),
	('4e425b1b-695e-4f6d-a166-28749e1f52c5', 'seller@seller.com', 'Seller', 'Seller', 'seller', 'approved', 'en', NULL, NULL, NULL, NULL, NULL, NULL, NULL, NULL, NULL, '2025-07-28 06:17:32.353711+00', '2025-07-28 06:41:10.940139+00', true, '2025-07-28 06:27:50.45+00', NULL, 'sole_proprietor', true, true, true, true, true, true, true, true, true, 'data:image/png;base64,iVBORw0KGgoAAAANSUhEUgAAAhwAAADYCAYAAACgGDr3AAAAAXNSR0IArs4c6QAAIABJREFUeF7tnQnYfVPZxu8GJCRDKVNCSCSUDE2kECJJCeXrSkolQ6n4SH3hkwwNSkmFlKQJIVNIhJQmKUQZMocMFfKtO8/u28573vc9w17nnL33b13Xuf7ve9691/Bb63/OvZ/1rOd5nCgQgAAEIAABCEAgM4HHZa6f6iEAAQhAAAIQgIAQHCwCCEAAAhCAAASyE0BwZEdMAxCAAAQgAAEIIDhYAxCAAAQgAAEIZCeA4MiOmAYgAAEIQAACEEBwsAYgAAEIQAACEMhOAMGRHTENQAACEIAABCCA4GANQAACEIAABCCQnQCCIztiGoAABCAAAQhAAMHBGoAABCAAAQhAIDsBBEd2xDQAAQhAAAIQgACCgzUAAQhAAAIQgEB2AgiO7IhpAAIQgAAEIAABBAdrAAIQgAAEIACB7AQQHNkR0wAEIAABCEAAAggO1gAEIAABCEAAAtkJIDiyI6YBCEAAAhCAAAQQHKwBCEAAAhCAAASyE0BwZEdMAxCAAAQgAAEIIDhYAxCAAAQgAAEIZCeA4MiOmAYgAAEIQAACEEBwsAYgAAEIQAACEMhOAMGRHTENQAACEIAABCCA4GANQAACEIAABCCQnQCCIztiGoAABCAAAQhAAMHBGoAABCAAAQhAIDsBBEd2xDQAAQhAAAIQgACCgzUAAQhAAAIQgEB2AgiO7IhpAAIQgAAEIAABBAdrAAIQgAAEIACB7AQQHNkR0wAEIAABCEAAAggO1gAEIAABCEAAAtkJIDiyI6YBCEAAAhCAAAQQHKwBCEAAAhCAAASyE0BwZEdMAxCAAAQgAAEIIDhYAxCAAAQgAAEIZCeA4MiOmAYgAAEIQAACEEBwsAYgAAEIQAACEMhOAMGRHTENQAACEIAABCCA4GANQAACEIAABCCQnQCCIztiGoAABCAAAQhAAMHBGoAABCAAAQhAIDsBBEd2xDQAAQhMQ2BlSXNKugxCEIBA8wkgOJo/x4wQAsMSWFCSxcEzJa0Qld0qaTNJc8XvS0l6Vo8NPSBp7o5r75X0sKTiM+kRSf+S9HhJ/vmheP0zRIqFiot/v1/SHJLmlfR3SfdIenL8fkvU+wxJd0l6UNIicc99cY374rbdL7fpui8u9a/oU9GXayXdGH31ez+Neq+Q9NceGXAZBFpHAMHRuilnwBDoSmAVSctJeo4k/7yYpHUawuo3klYaw1jOlfRHSddLulvSTyRdMoZ+0CQEJoIAgmMipoFOQGBkBBZOWxibSvK/L05P8huFNWCmDtwhyV/atg74yd/WBlsE/OX5j9KNt8d1IxtMxoZeKukJ09S/mqSnxN9sSXlRWDuWl2RLykzlNklPim2kX0m6QdKFIUYyDoeqITB+AgiO8c8BPYBADgK2VHhr4IVhqVhPkrdGFpimMQuJOyVdGk/kV8f2hLcLKP0TWFySBcgase1kC8uSIU5mqs1WkZuSGDxN0pWSftZ/09wBgckkgOCYzHmhVxDoh4Cftm2tWDv+XXMGYWEh8aP4UvMT9tlh7u+nPa4djoCFiH1eLEaWlbS0pJfMUKUtSfZF+UXMnX1RLh+uC9wNgdETQHCMnjktQmAYArZSrChprRAXL5C0zDQV/jhM9/7XZvubh2mYe7MTmF/SqiFANpG0UFiovG3Trdj6ZL8Qb3e52BpS/Jy9szQAgX4JIDj6Jcb1EBgtgSXCL2CDtOWxc+lURbkXtlT4idevi+LUxGh7SWs5CdgS4hM4tmLZt8QCxI69T+3SqE/sWFzaWXW+WAsWnLaQeKuGAoGxEUBwjA09DUNgCoF5JL0tTojY7O4vFz/llot9LfwU6yOY9rfwlwmlnQR8qqjYlrG/jgWJHVgtNDqLjwB7fX09jgf/NrZnftdOdIx6HAQQHOOgTpsQeJSAfS5Wj6dVb4u8ogTGT6o+AfLrsFxclywdR0SsCPhBYCYCdk61X4iLT9T4Z6+vDSV5Hdl/pCjehvle8iE5qyP2CIQhUDkBBEflSKkQAl0JWFjYMdCnRhxEyybxzuLjp6ekv387fC8wgbOYqiZgseGXxa2PR1uQFOVzSZwcg/CoGjn1FQQQHKwFCFRPwJErXxMWDFsxfGqks/xJ0i8jloVPITi8t4+lUiAwSgKOHrt/snxsX2rUkVS9tWfrhyPAUiBQCQEERyUYqQQCemNy1nt1+F04BkZn8Qe3TxXYoe84SX+AGQQmiMDWyan0HR3bevbzOCPWK/luJmiy6toVBEddZ45+j5uAnfW2keSAWt3CZjunxnnh1HkBIa3HPV203yOB16X8NHvG1l/5FgciOywESI9VcRkEHksAwcGKgEDvBBykyfER3h0Bm8p3+hTAORFIy4G1fFSVAoE6EnhaWDo+GE7N5TEcmpLj7VbHQdHn8RNAcIx/DujBZBN4fgox/aYkILaIUNXl3nqP+9R46nMAJgoEmkbAAeZ2lfSG0sAOStl292jaQBlPfgIIjvyMaaF+BCwy3pqcOm1efnap+059fmYcIzw5WTqciIsCgTYQsMh4fwzUEWvtbEqBQF8EEBx94eLiBhNwEKVtkzPnmztChXur5KTkp3FiOm1yenqyc3wMCgTaRsDbLI5e6oinLl+UtGPbIDDe4QggOIbjx931J+DcFXulAFuvLw3FosJbJceG2Kj/KBkBBIYn4G2VE0rVOKYMp1eG59qaGhAcrZlqBloiUFgzfMqkiMjoP3u75MgUHvoHWDJYLxCYQsBWDh/tLv7POFCYHagpEOiJAIKjJ0xc1BACzjVh3ww/qS0cY7o1InseTYTFhswyw8hJYF9JHyk1sG460XJuzgapuzkEEBzNmUtGMj2BLVM+ks0jbkZx1VWS9knH/uz8aT8NCgQgMDsBO4v+PDIY++pvpUSCW81+G1dAQEJwsAqaTMCWDJt8X14apP0yjoqgXE0eO2ODQC4CnVYOvkdykW5YvSyUhk0ow/k3AeeBcLREZ8h0cVI0Z1r9iqRrYAQBCAxFgG2VofC192YER3vnvmkjXyH5YGwk6ZDSwCw0DpT0JUkONU6BAASGJ7Bi8oNynpWi4McxPNNW1IDgaMU0N3qQi8e2iRNPLRgjtX/GfnGE74FGj57BQWA8BBz8a5Fo+qPpX1s9KBCYkQCCgwVSVwLbRcjlRUsffBYau4cjaF3HRb8hUAcC3posjscSBKwOMzYBfURwTMAk0IW+CDgS6Mc7Qo47SNf+kshn0hdKLobAwAScoPAVpbv5LhkYZXtuZJG0Z67rPtK3R0TQpUoDOVvSx1KK+PPrPjj6D4GaEfCWpR2zi0LU0ZpN4Di6i+AYB3Xa7JWA8zbsLGkXSY5yWJRjJB2Qsrhe2WtFXAcBCFRKYJOOrUv8OCrF28zKEBzNnNcmjKrz6J0ztX5Z0sGRRKoJY2QMEKgzgVskPT0GgB9HnWdyRH1HcIwINM30ROApknaQ9GFJC8UdPs56WLJwHB7xNHqqiIsgAIHsBDr9ODgemx15vRtAcNR7/prSezufvVfSFqUB3RCBuhx+nAIBCEwegddEosOiZ5+JLdDJ6yk9mggCCI6JmIbWdmLtONrqXCdF+VWcQnGOBgoEIDDZBB7p6B7fKZM9X2PtHYtjrPhb2/h6knaTtHGJgBNC2cpxYWupMHAI1I9Ap6/VSzieXr9JHFWPERyjIk07i4V/xq4p/Lh9NYriEydfTQnWvB9MgQAE6kXACRJPKHV5R0l2IKVAYAoBBAeLIjcBH2f9kKTtS6HH75d0UqSHd3RQCgQgUE8C60s6s9T1DSSdUc+h0OvcBBAcuQm3t/41Je0tyY5l5fJ1SUemKIXnthcNI4dAIwj4YeIX6f+zrZdFeZWksxoxOgZROQEER+VIW1+hj7XaP8PZW8vF4sNHW8na2volAoCGEDhCkrdQivK3ju3ShgyTYVRFAMFRFcl217OKpEMl+Rx+udwV1ow92o2H0UOgcQS8dXJ6x6g+L2mnxo2UAVVGAMFRGcpWVrS8pPekEONvkrRwicC1yV/j0xFH4+5WkmHQEGgugQXjNJn//7s8EOLD+Y7ubO6wGdmwBBAcwxJs3/1LSrKjmIXGqh3DdxI1e6gf1z4sjBgCrSHgbM17lUb7YDoKa9+N81pDgIEORADBMRC2Vt60XPhm2Al0iRIBP934WKv3cx20iwIBCDSXgKMCnybpSaUhfjZi6DR31IysEgIIjkowNroSnzb5lKQ1OkZ5XWyZ2JpxTaMJMDgIQMAEnKjttx3bp9enrLGrS7oNRBCYjQCCYzZC7fz7/JJeG0nUntuB4DJJB0VqasfToEAAAu0g4Ng5m5aG+i9Jb5R0YjuGzyiHJYDgGJZgs+5fOj3BOHLg/3YZ1nfi/UubNWRGAwEI9EDAJ1De2XHd15J1c7se7uUSCPybAIKDhWACK0vaM06bdBJxBkifOLkaVBCAQCsJOK7OwR0j9+fBSskK+o9WEmHQAxFAcAyErTE3vSzCi7+yY0Q3pcBdx4dFg73Zxkw3A4FA3wQ+IOkTHXf5qLs/M7y9SoFAzwQQHD2jatSFDtqzTRdz6JXJIcwe51+RhH9Go6acwUCgLwL24/qGpI067nooWTu3lfTNvmrjYgiwpdK6NeCjrR+R9OaOkf8xIoX6eOu9raPCgCEAgYLAXJLeIunAdDptgS5Y3hsPJRCDQN8EsHD0jayWNyyUxOVH09G1d3f0/uYI4PPlWo6KTkMAAlURmCNOnPiBZNkulToH0lvjdFpVbVJPywggOJo/4TZ//ncyjxZhiD1iB+uyALFDKFsnzV8DjBAC0xGwFWNrSbtOIzR8nyOIOn2BH1AoEBiYAIJjYHQTf6MDde0jaeNST++T5PTwu6eXMztSIACB9hLwZ8FWkp4wDYLLY6vVx18dc4MCgaEIIDiGwjeRN88ryZ7lfs1d6qHjaDgHwi8mstd0CgIQGAUBRw7+L0nvmKExRxG2D8ex6XPEDykUCFRCAMFRCcaJqcRRQY+W9KJSj66I463+8KBAAALtI/BkSTuGD9cyMwzfYcu9zep0BTiPt2+dZB8xgiM74pE04ERK9h7/UArS5dTRRTkkfDXuGUkvaAQCEJgkAs+PrM47zNAp+3M56eKHw1eDrZNJmsGG9QXBUf8JfZ6kIyWtVRrKnyIM8en1Hx4jgAAE+iDwLEk7R2bnmW67KGV9PkrSCfhz9UGXS4cigOAYCt/Yb143eZbboWvRUk+8pbKHpFvH3js6AAEIjIrAFsk/a7OIoTFdmz7a6u2SL0n65ag6RjsQKAggOOq7Frx9ckCp+3+Op5pv13dI9BwCEOiDgONleCvVGVsXmeE+O4ofHtFB8c3oAzCXVksAwVEtz1HV5nTQry81dkkcf719VB2gHQhAYGwEnAPpbRGIa6ZOnCbpk5LOGVtPaRgCJQIIjnotBz/FnCpptVK3vxVn6es1EnrbNAI+CeGItetLOiuOXtohkVINAUcL3lvS9ik2hvOcTFfsv2W/DG+dsG1SDXtqqYgAgqMikCOoxmfnD0rH1vzB43JXHGHzewTxGsEE0MS0BCyAz00pzOcrXfGGlL7cljjKcAQcmGsnSS+fpZoLI8eJE65RIDCRBBAcEzktUzp1aBIYu5TedVZX79v6OBsFAuMi4OPY74/j2PN0dGJLSfgTDTYzz4hjqj5tMlOxE6idxL+QQo/7M4ECgYkmgOCY6OmRj7jZTL1eqZvel3VulJ9PdtfpXcMJPDGOVTqzaLl4G+WkMP3/veEMqhyeowJ/UNI2M+Q0KdqzNcMi45gqO0BdEMhNAMGRm/Dg9a8THyhLl6pwwrV9B6+SOyFQCYElUoC5T0vavKM2P3G/K05DVNJQCyrZK5w/nzPLWM3WcTPM/foWcGGIDSSA4JjMSbXY8F6sP9iLsqmkUyazu/SqRQTsFGqrW3ltevh2UHSuHvw2Zl8M74tTJo4EOluxtcixduwcToFArQkgOCZv+pxUyebSovw6PP8J5DV5c9W2HvmLcn9JPpFSLj6WvVGKcHln24D0ON5XRbwMb412+rp0q8JbJvZ/sXhzfB0KBBpBAMExOdP4lDj2Zie8stjo5SlockZBT5pIYDFJ30sWthd2Gdz3I4z+zQMMfFVJXvcPS3ow0qQ7l8cjkQ797hA3j0/Rc++X9M+43tc+lI5+ehtieUn+u4s/z+ZMlhb7l8wRv/tn/92vuaItX+vr/hHtuj3X6Wtdr19uz/X5b8XLp8H88xGzjHVtSduFL4YtQr2Un4YV45uSbuzlBq6BQN0IIDgmY8aeLun4lDzJocqLcpikXSeje/SiwQRWiC9WD7H44rYIcMZhf7la8G6bMg77REq5WBhcnUJp/zGEgK/10/vqUY+/wP354pe/wF33wqUKLFB8GqOOZcOUu+iHpY6/TtImKZrn0yR567PXYsdvb5V4+9TxMygQaDQBBMf4p9d74RenbZRnRlccevhTcRJl/L2jBzkJ+Et85dK8e6ui+D/pdVDEtbgh4q/Yt8dP5cVTvJ/4l0xitSwa/BTvOvwF76d8//vc+NL3qZHiXr9fzsGTc5xNq/uLyaHbzty20BRxcXoZ47URuM8PFxf0cgPXQKBJBBAc453NrSN4V/Gh5accHzM8f7zdovUuBOxb42BWDnJlk7e/cGbbj/cXvJ/0LRz8c5H62//aZG/LVhuL17ctIt5KsY+CGfnnJ0i6qQPINbHV4S/r60KYW1R1K1cE42FC/HtOLAQ9Z7byOIy4ReEy8b6Pr/ZafpxOoLjf340tqV7v4zoINJIAgmN80+p94B1LzfuDyV9ol42vS7Q8DYGfxVZB2wHZKdQhszudQ22h6wxjfksKTve7GgDzts7GMb/PDj+P8tZmr0O4TdIZkhwnx8dWeWjolRzXtYYAgmM8U+1TKH5iLsp5kt6dBMdvx9MdWp2FwFUdwZj8RP77FHLaJ4f85Vv1vNlJ06Hr7RPgrQ+3U3bY/E34Q/h9b8nZWlCOOmsLivvkLRpbYWw9sK+F/+0s9qXw1szBXeJqFNd6e8dOo4586XgQdS0vCI62WKyRToGslJKbzdvnYJx59Q5JPklyeVhkLLgoEIDALAQQHKNdIjbXnhwfdkXLNrduMdpu0FqfBOwjsV849S4wzb33xJe6c4rYtG+zv08e2DoyqcVjcdZRR6596jSd9JO7/+6gU90Ey6SN7cXJoXOtEIiLR+csNBy1t9fiY7622HiL08LNwsK/W2yQ3r1XilwHgQ4CCI7RLYlVksf/d2Lv3616T/9zKfHa7qPrAi1VQMAOmD6OaV8Oz6n3+W2RmKnYQuIMnxelSJzearDjp0942FrgdWCz/o/S8VJbG+zI6ffvyxzX4qVxQsIZiKcrDjp1QAinCtANXYUtPsuGP4UdNn0k1mXN+LcXB077ztjy85cQhp4T++Q4F4nnxb9TIACBDAQQHBmgdqnS5luLjeKLyef5HZXxE6NpnlZGQMDmeR/79Ms/Wzj45Z/7ebouuuo14q0bW078dG3rmIWIrQz+2ULFT9s+wuqTJ4706SdyOzUWp1O81eLtEm+x2OLi10/SdpCdld2vmYodNN+brDre7suVjdhf/P6/4c8hbw9ZvC0VTqK2Urh4DD6d43HP5qTbOR77RXkrycdPbXWyqLDViQIBCIyBAIIjP3Q/EZ8exxeL1iw29s7fNC1MGAFbRSwQfBrDX65FbAtbOCwSfBLCxdsbFhtlvw2LDjsjLjfiMVnUdPNzsAjx1oMtN/YzsXiwVcafKRY97q+FjsdaBNiyVaVcLKbMY5hiAWEfCvu8+HVpOF6TOG4YqtwLgQwEEBwZoJaqXDE+/MpBk5wREstGXu5tqN0ipdiCseWs8+nfzqS2Clig+O/2bShiftSBjy0S9h9x8c+2gNjq4peFhf0qKBCAQI0IIDjyTdYrJZ2QsjsuGE34aW6Pjjwp+VqnZgg8uvZ2SpaGfcKCMh0Tr02fnPpwacvGYrlc7B/RKVhsvXBk0c7cKtO1Y18J+7OUi+Nu/CHe8JaQt0EoEIBAAwkgOPJMqk81dMYg2C2Znw/N0xy1QuAxBPz/evu0tXFgHK2dCY+TAzocN6G1WUQQgEBWAgiO6vH6yfAcSWXv//ekD/7Dq2+KGiEwhYAzk+6bglA5gdhMxbEkvL3nVPN2zKRAAAIQyEoAwVEtXjv9nSnJEQuL4rwou1TbDLVBYAoBh1r3qZJe1trX0okXp5onnTwLCQIQGBkBBEe1qC02yumonQVyh/Der7YlaoPAowT8f9hRa23VmC37qqNjOq7GKcCDAAQgMGoCCI7qiB/SkU7eXvSOJcDxvOoYU9NjCTiWxidTsKoNZgDj46nOTOrcPQ5PXiSQgyUEIACBkRJAcFSD+zUprsIPSlU5iqFPqdQheVU1BKhllASeF/4Xm80Sx+LocBxlHY5ydmgLAhDoSgDBMfzC8NFDR3ks8ja4xs0lfX/4qqkBAo8h4CBZb0lWsw/NEk7dTstOtFZ1UjmmAwIQgMDABBAcA6P7z42daea9tUJ+lOG5UsNjCbw6jlV3xscoX3VqbLE4HDlbJ6wgCEBgogggOIabDkdvLOdmcCwDJ5JyBEgKBKoicHyKtrlVOIh2q9NCw0L37KoapB4IQAACVRNAcAxH1KbrdUtVbJySUfnDnwKBYQk4eqdTx39mmoqcn8SRbD8bOU2GbY/7IQABCGQlgOAYHK/FRfl4odNazxZsafDWuLNNBPZMaezf1eEXVIzfSd2+FPl4nFeEAgEIQKAWBBAcg0+TU16vGrffLWlb4hsMDpM7/03Ax1x9dLXIGlvGcr+kH8XWin+mQAACEKgVAQTHYNPVeQz22Dg9MFht3NV2Ak7b7pMnXlfdip1A905HrX/cdlCMHwIQqC8BBMdgc+eIjQ7qVRQ7j14yWFXc1WIC80naX5Jz7XQrtmh4e6XsmNxiXAwdAhCoMwEER/+zt4aki0u32XHUQb4oEOiVgB1CPxCvebrcdHU4gzoPDwUCEIBAIwggOPqfRie+2iZuuzf21E/rvxruaCmBJVNgOIe9X6DL+O9KWYY/H1aNluJh2BCAQFMJIDj6m1ln5LymdMu3QnD0VwtXt5HA/JL+JzK6do7f+XYcmXZXSQ6LT4EABCDQOAIIjv6m9GBJu8Utd8ST6Bf7q4KrW0bgaZEKfq9pxm3/DAsR4re0bGEwXAi0jQCCo/cZn1fSDSm8tJ9UXRxV1Em07uu9Cq5sGYH1JR0uabku474qfDjIudOyRcFwIdBWAgiO3mf+nbG/7jssMj4q6aDeb+fKFhFYKKxfhTWsPHT7/fiI62Et4sFQIQABCAjB0fsicIrvFeLyeyQtlUzlf+39dq5sCYHtI6bG8l3G+8MIEHd7S1gwTAhAAAL/IYDg6G0x2DR+ZulSm8mni53QW41c1TQCq0naL8XM2LDLwCxQbe04qmmDZjwQgAAEeiWA4OiN1ImSXl+6dHVJDm1OgcDcsT3y5pQa3n4+5eKtt+PCKdT+PxQIQAACrSWA4Jh96heVdGPpsjMkbTD7bVzRAgJbSjpA0rJdxurj047XUg4S1wIkDBECEIBAdwIIjtlXhh38PhaXOTDTjpEWfPY7uaKpBOyf4aOsb+gyQGdw/YikY5o6eMYFAQhAYBACCI7Zqf2tZCr3UcbnJ6dAB2qitI/AU+OESbfTJ6bxjWQN24Gj0u1bGIwYAhCYnQCCY2ZG/vIoB/byUdh9Z8fKFQ0jsHAICSda61a8bfJ2Sb9p2LgZDgQgAIHKCCA4ZkZ5QTqdsk7pEgdwspWD0h4Cbw0/jWd2GfKVkg6RdGR7cDBSCEAAAoMRQHBMz60zK+yhpbDmg9HmrjoR2CmsWQ5N3ln+LMlh7o8lFkudppS+QgAC4ySA4JiefvkorH02XiLpsnFOFm2PhICFxvumCUfutPF2ILbQoEAAAhCAQB8EEBzdYc0p6c4Uunye+LOPOHY7+tgHai6dcAKvlXRgKZpsubuXpvn/mqRPT/gY6B4EIACBiSWA4Og+NZtIOjn+9LAk/376xM4iHRuUwJMkbS7JVo2Xdqnk8vDRsLXrgUEb4T4IQAACEBC5VKZZBF+VZGdBF5vRV5T0IAumUQT2iARrRfbf8uDOj+ih323UiBkMBCAAgTESwMLRHb63UxZIAZweCUdRMnuOcZFW2LTjaDiGxu6Sntyl3lMkfUGS/6VAAAIQgECFBBAcU2H66OvvS2/buuFMsZT6Elg5CchPSVq3yxCcWO07kj4uyb46FAhAAAIQyEAAwTEVqrdSvKXickt64nX8BVs6KPUj4IR7DtZlEdlZbMVy1t8jJN1Uv6HRYwhAAAL1IoDgmDpf3j7xsUgXh6p2FlBKfQg49Pw7krViu+Tw+ZQu3fZ2iU+bnFmfIdFTCEAAAvUngOCYOofflrRFvL2zpM/Uf5pbMYJV00mSD6btrzd2Ga2PtX4lWTq+LunuVtBgkBCAAAQmjACCY+qEnCfpZfH21ikuw/ETNmd05/8J2IJhkeF5enYHmJvDN8NOoL8CGgQgAAEIjJcAgmMq/7MlrRdvb0T8jfEu0GlatxPoJyRt2OXvFhdHh0XjrxPZezoFAQhAoIUEEBxTJ/37khx10sUOpMe0cF1M4pCdsfV1ER+j80jrvSEw7AB6xSR2nj5BAAIQaDsBBMfUFeAkbbvE205F75T0lPER8CmhbSP9e+dpE0cCtY/Nl8fXPVqGAAQgAIFeCCA4plJ6m6Sj4m1vr6zfC0iuqZSAA3S9StJbIqx8Z+WOAOq08BdU2iqVQQACEIBANgIIjqlonY781nj7oYjDcXu2GaDiMgFn5LU1Y8cuWK6KmBre8sI3g3UDAQhAoGYEEBzdJ+znknzM0sURKPeu2bzWqbuLSNpU0j7JsrREl447S6vjoZxap0HRVwhAAAIQeCwBBEf3FeEnbcfjeHo8TS+VcnA4BDalGgKLR5ZWH2ddu0uVv5Z0bPhm3FFNk9QCAQhAAALjJIDg6E7jicuzAAAE3UlEQVTfact/KmmV+PPnI4X5OOeq7m0vGiLDEUDX7DIYnzQ5OU6hXFL3wdJ/CEAAAhDAwtHrGthM0nGS5okb1goR0uv9XCdtJWmb2CoptqjKXP6eLBxnJEvS5yT9EGAQgAAEINBcAlg4pp9bs3EW0c3jkr+lbRYHnPpTc5fD0CN7ZTh8LhRWjG4p4AuR4fgmFhm2bFAgAAEIQKDhBBAcM0/wkpLOSpaO58RlDnPuo5oPNnxdzDa8pSV52+m5kjaWtKWk+Wa46a60PeWjrOZniwYFAhCAAARaRgDBMfuEW2A4VHZRTpL0HknXz35rI65YSdICKbvqOpJswVh+mtMk5cH+PiJ++gjr+Sli67WNIMEgIAABCEBgYAIIjt7Q7Slpv9Klf5Z0YhzX/GWDLB4+jWNfFSeve1Fy4ly9Nzw6Nx1tvSxlav1duu8Hkpw4jQIBCEAAAhD4DwEER2+LwZzWCCfSZTpuuU7SxZKekeJ1PJziSfwrnEt9jNY/P5BieTwx3rO/grcXbuqt2axXvUDSammbY4WwXtiS4eyrM5VrUojxG5Jfi0OKO1aJ/VmcXZcCAQhAAAIQmJEAgqO/BeIv5HdFSnRvMwxaCkdJWwJ+Fl/ec4ZwcXRTRzqtIgmZ44gsFj4oFhQ+5ruipGVn6fjdKVGaLTd28Lwo0rtfiOVi0OnmPghAAAIQQHAMtgbmjkyyTiZmS4F/7xZbYrDaH73LosNBr2xFmCNtc5wjyVE57bDqeZtL0n2SHgnLyl9iG8TbIt4SuT+lcO92SqTcJwufG9PRVYcNt/DxtoitF7ZiUCAAAQhAAAKVEUBwVIaya0X+8vfLxdYCixNvvXiLxXEpHOPjWaVrcvbGWzuXxsvWE78c3IwCAQhAAAIQyE4AwZEdcc8NOHaF43w4edzz4i7/7vfnD7EyU2W3lbZhLCZsIbkytmk4JdLzNHAhBCAAAQjkIIDgyEGVOiEAAQhAAAIQeAwBBAcLAgIQgAAEIACB7AQQHNkR0wAEIAABCEAAAggO1gAEIAABCEAAAtkJIDiyI6YBCEAAAhCAAAQQHKwBCEAAAhCAAASyE0BwZEdMAxCAAAQgAAEIIDhYAxCAAAQgAAEIZCeA4MiOmAYgAAEIQAACEEBwsAYgAAEIQAACEMhOAMGRHTENQAACEIAABCCA4GANQAACEIAABCCQnQCCIztiGoAABCAAAQhAAMHBGoAABCAAAQhAIDsBBEd2xDQAAQhAAAIQgACCgzUAAQhAAAIQgEB2AgiO7IhpAAIQgAAEIAABBAdrAAIQgAAEIACB7AQQHNkR0wAEIAABCEAAAggO1gAEIAABCEAAAtkJIDiyI6YBCEAAAhCAAAQQHKwBCEAAAhCAAASyE0BwZEdMAxCAAAQgAAEIIDhYAxCAAAQgAAEIZCeA4MiOmAYgAAEIQAACEEBwsAYgAAEIQAACEMhOAMGRHTENQAACEIAABCCA4GANQAACEIAABCCQnQCCIztiGoAABCAAAQhAAMHBGoAABCAAAQhAIDsBBEd2xDQAAQhAAAIQgACCgzUAAQhAAAIQgEB2AgiO7IhpAAIQgAAEIAABBAdrAAIQgAAEIACB7AQQHNkR0wAEIAABCEAAAggO1gAEIAABCEAAAtkJIDiyI6YBCEAAAhCAAAT+DyiJdBVeTcXPAAAAAElFTkSuQmCC', '2025-07-28 06:27:50.45+00', 'JHB', 'Seller Oy', 'sole_proprietor', NULL, NULL, NULL, 'https://wtfnnkrmvpmmsvciejmv.supabase.co/storage/v1/object/public/documents/brand-photo_4e425b1b-695e-4f6d-a166-28749e1f52c5_1753684056186.jpeg', 'https://wtfnnkrmvpmmsvciejmv.supabase.co/storage/v1/object/public/livestock_affidavits/affidavit_4e425b1b-695e-4f6d-a166-28749e1f52c5_1753684050455.jpeg', NULL, NULL, NULL, NULL, NULL, NULL, NULL),
	('c285e2cf-33ef-4cdd-8a1e-fc3f50afc0e4', 'johan@streetmonkey.co.za', 'Piet', 'Kombuis', 'seller', 'approved', 'en', NULL, NULL, NULL, NULL, NULL, NULL, NULL, NULL, NULL, '2025-07-28 09:22:40.846705+00', '2025-07-28 09:23:19.269309+00', false, NULL, NULL, NULL, false, false, false, false, false, false, false, false, false, NULL, NULL, NULL, NULL, NULL, NULL, NULL, NULL, NULL, NULL, NULL, NULL, NULL, NULL, NULL, NULL, NULL),
	('b6899180-3d7c-457a-b62a-359370431fd3', 'seller2@seller2.com', 'Seller2', 'Seller2', 'seller', 'approved', 'en', NULL, NULL, NULL, NULL, NULL, NULL, NULL, NULL, NULL, '2025-07-28 07:16:53.845723+00', '2025-07-28 07:19:56.913014+00', true, '2025-07-28 07:17:55.73+00', NULL, 'sole_proprietor', true, true, true, true, true, true, true, true, true, 'data:image/png;base64,iVBORw0KGgoAAAANSUhEUgAAAhwAAADYCAYAAACgGDr3AAAAAXNSR0IArs4c6QAAIABJREFUeF7tnQm4ttW4x//IkKmQkGZOaaQokjKUJpSZjkrkKHOGcAwlylTKcFKGlEJJqEgIZUoDylRCpooKFWkgzjnrf537OR6Pd+/9Ts+4fvd17esb9vuuda/fer7v/e+17uEWwiAAAQhAAAIQgEDNBG5R8/gMDwEIQAACEIAABITg4CGAAAQgAAEIQKB2AgiO2hEzAQQgAAEIQAACCA6eAQhAAAIQgAAEaieA4KgdMRNAAAIQgAAEIIDg4BmAAAQgAAEIQKB2AgiO2hEzAQQgAAEIQAACCA6eAQhAAAIQgAAEaieA4KgdMRNAAAIQgAAEIIDg4BmAAAQgAAEIQKB2AgiO2hEzAQQgAAEIQAACCA6eAQhAAAIQgAAEaieA4KgdMRNAAAIQgAAEIIDg4BmAAAQgAAEIQKB2AgiO2hEzAQQgAAEIQAACCA6eAQhAAAIQgAAEaieA4KgdMRNAAAIQgAAEIIDg4BmAAAQgAAEIQKB2AgiO2hEzAQQgAAEIQAACCA6eAQhAAAIQgAAEaieA4KgdMRNAAAIQgAAEIIDg4BmAAAQgAAEIQKB2AgiO2hEzAQQgAAEIQAACCA6eAQhAAAIQgAAEaieA4KgdMRNAAAIQgAAEIIDg4BmAAAQgAAEIQKB2AgiO2hEzAQQgAAEIQAACCA6eAQhAAAIQgAAEaieA4KgdMRNAAAIQgAAEIIDg4BmAAAQgAAEIQKB2AgiO2hEzAQQgAAEIQAACCA6eAQhAAAIQgAAEaieA4KgdMRNAAAIQgAAEIIDg4BmAAAQgAAEIQKB2AgiO2hEzAQQgAAEIQAACCA6eAQhAAAIQgAAEaieA4KgdMRNAAAIQgAAEIIDg4BmAAAQgAAEIQKB2AgiO2hEzAQQgAAEIQAACCA6eAQhAAAIQgAAEaieA4KgdMRNAAAIQgAAEIIDg4BmAAAQgAAEIQKB2AgiO2hEzAQQgAAEIQAACCA6eAQhAAALdJrCepLtI+qOkHSXdUdIdJN0k6VpJZ0q6s6QbJJ0bf9/tFeFdlgQQHFluO4uGAAQ6QmAZSRYUFg/3lfRwSfeTdHtJm0u63YR+Xi3prpIukPT7ECBfkvQ1SX+fcCxeDoG5EkBwzBUng0EAAhAYSWB9SRuHkLiHpI0krS3pnpKWb4jZhZK+FSLke5L8ZaGDQaARAgiORjAzCQQgMHACPpHYUNK6kh4WQmJlSWvEFcg4y7cg+J2kv0g6T9LN6Qrlu5Kuk3R+XKksNI7nXknSAyWtkK5ZHiHpAWNMemXMdbGkn0haNgSJhQkGgbkSQHDMFSeDQQACGRDwB7ljKvaSdKv0Ab1DfFCPs/SfS/phXHlcKsl/vkbSDyT9bZwBJnyN4z0eImmT+PJJyypjXtX8VtLZ8VoLHn/9RpKFkWNHMAhMRADBMREuXgwBCGRGwPEQu0RQpgXGneL3C2H4laRfhojwlYUDOf2h7RiKLtlD4wRkzTgV8cmI1zaJ3Sjpm5L8OeITGYuRz8a10Y8mGYjX5kEAwZHHPrNKCEBgfAJPCJHh04FtFnjbTyVdHh+4vgb5gqQfjz9FJ1/peBLHljwo4kvuL8knItOYxYc/X45JJ0FXSLooGE0zFu8ZCAEEx0A2kmVAAAJTE7CweGx8Oe101E/6x0WMw5clfX3qmfr7Rl/LOL7DgmStyKRxaq7FybjmDJrTJH0uXe+cukRMyrhj8roeEUBw9GizcBUCEJgbAQd27hOBnquPGNW1LY6PGhcOqMQWJ+B03tukU4zN4krFAsXZNz4lWci+mL7/6ZS9c0pcx8B44AQQHAPfYJYHAQj8PwF/GO6ZrkEeHRkdZTSOt3D8gT/8XDwLmx+BDUKIbB+nI87kqdrhkg6TROzH/Lh3biQER+e2BIcgAIE5EvDpxasl+cNu1cq4Lo71njjmd0YG1gyB1VKWzuMl7RoBq8WsrqR6cArKPSSCbZvxhlkaI4DgaAw1E0EAAg0RcNrnCyJtdbnSnM6qcPyAM0Y+JemyhvxhmoUJPC6l2O6d9uRRpZdcH2LE1y3YgAggOAa0mSwFAhkTcKyA4wZ2jvLgZRQWF59J3/98ZExkjKmzS98iBeu+I2qFFE6+LU6nOus0jk1GAMExGS9eDQEIdIeAq2vuFjEZ/n3ZHJB4bKo1cZKkP3fHZTxZhICrtb4h9YB5YamQmgN3X05Q6TCeGwTHMPaRVUAgFwIO+HQKqxubuVhV2c5JVTSPjJgMrkv6+0Q44+VDqYaHi5LZvpoqsT5J0h/6uyQ8NwEEB88BBCDQdQJbRX+Sl42o8nmVpPfFlwtxYcMgsGLE2VhY2r4jydVR/zqM5eW5CgRHnvvOqiHQdQJbphLhu0t6oqRy4Kf9dsOxD6QqmCdGx9OurwX/piPgKxZnET073u4g0qfW1HNmOg9510QEEBwT4eLFEIBAjQR8bO6YDAcQujla2X4W/TqOStcpp9foA0N3i4Crvn4pZRdtGm69TtKB3XIRb8YlgOAYlxSvgwAE6iDgzJKnp5MK9y+p1slwF1U3B/OViYtyYXkSuG3qaXNWKsq2saSbJbnni8ukYz0jgODo2YbhLgQGQMC9OFyM6ymp0JP7mJTt1yEyHPzpviUYBEzAhduc3nw7SXtEUClkekYAwdGzDcNdCPSUwHaRXbKDpDUqa3BMxlfiqsRXJhgERhFwN961Q2xYdGA9I4Dg6NmG4S4EekTgyZJ2ShkGriZZDfy8IRqjuZT1GT1aE662R8C1VZwW7Y6zFq5YzwggOHq2YbgLgY4TWCGuS/aS5PblZXPJ6qOj6qdrK9zU8bXgXrcIOJ7HqbEnRy+WbnmHN0sSQHAsiYgXQAACSxCwsHCGiU80fJpRNV+XuOqny4tTvInHaRoCt5Zkwepf35LqcbxmmkF4T7sEEBzt8md2CPSZgEWGv9y/pGpnR52ME1KQ36V9XiS+d4KAg0bdeM+2Y4jXTjiGE+MTQHCMz4pXQgACkosxuRjX0yIItMzEVySHRlCf62ZgEJgHgVtFWqxrcfi5ckn7P81jYMZolgCCo1nezAaBvhJwqWnXynBHz2pshtNX3fvCaYvEZfR1h7vrtzNSPhjuubnb/t11Fc8WI4Dg4PmAAAQWI+A0xGdK+s8RLzokhMaPQAiBmgisEuXrXXnWDfn8PDrDCeshAQRHDzcNlyHQAAH/R//6uD65W2k+V3i00PDXjQ34wRR5E/h49E8xBQp+9fxZQHD0fANxHwJzJrC+pAOifkZ56J9K2lfS8XOej+EgMIrALdPV3UEpVsMdgm1fiAwolzbHekoAwdHTjcNtCMyZwMqSXi7pWZUiXedLenNknMx5SoaDwIIE3BXWpxs2xwVZCF8Cr34TQHD0e//wHgKzEvB1iWM09pbka5TCvhsnGqfOOgHvh8CEBFzLxenU7ptic0aU/4z1nACCo+cbiPsQmJKA2377p8h9IhCvGObbEbvx+SnH5W0QmIXAg+PabvUY5HmpO+wRswzIe7tDAMHRnb3AEwg0QWD5CAR9aRxTF3P+KkqSE6PRxC4wxygCm0n6hKR7xzc/mupu7AKq4RBAcAxnL1kJBJYisE0U5lq39MIrIkj0sKXezPchUCMB13k5PdVy2TDm+LCk3Wucj6FbIIDgaAE6U0KgYQJbS3qFpG0rQuOtkt7VsC9MB4EqgbunOI2LJBXp144feiTVRIf3oCA4hrenrAgCBQGfaLxJ0hqS/J+67VpJ75X0WjBBoAME7iPpjFLA8pXRK+XcDviGC3MmgOCYM1CGg0AHCLjfybujUFLZnU9G6qvjNTAItE3AQvjCUjaKa708Q9J5bTvG/PUQQHDUw5VRIdAGAdcqcC2N6t33mZJeKIkS5G3sCnOOIuBU14+k+KFl4puXh0B2gS9soAQQHAPdWJaVHYEDJT1X0gqllZ8j6SWS/CsGga4QcBNAN/or7CpJLy4V+uqKn/gxZwIIjjkDZTgINEjA4sInF/tV5rw0Ulw/1qAvTAWBcQjsJOmk0gv/nq5QHhOly8d5P6/pMQEER483D9ezJrBlFO16bInCHyUdExVCHRyKQaBLBJwlZbFRVBD9vaRnS/pMl5zEl/oIIDjqY8vIEKiDwDoREOpU17K5SJKvT/5Qx6SMCYEZCbiol8vku828zc+pS+pTOn9GsH16O4KjT7uFrzkTuEdcn7yg9J+2eXw/qjH+IGc4rL3TBJ6Y0l6PlOQqtzafxFlsnNxpr3Fu7gQQHHNHyoAQmCuBO6f/oF2G/EWlwkiewHEabt194lxnYzAIzJfAJhEM6hTYwnaOfinznYnROk8AwdH5LcLBjAk8R9L+klaqMDguurs6uh+DQFcJbCrJKdnLlhzcTdKxXXUYv+olgOColy+jQ2AaAu6YeXg6ct6o8uavR50NCiNNQ5X3NEnAGVRnJ3HhSqKFPT+e6yb9YK4OEUBwdGgzcCV7Am4Z71LkDv6smkuRvzl7QgDoAwFfn3wriQvHHRX2LElH98F5fKyPAIKjPraMDIFJCOwj6e0j3uDAur3Sl7u6YhDoOoG1IvXV2VSFufKtu79imRNAcGT+ALD81gncO1rGP6Xiia9NDpB0Suse4gAExiOwXoiN+5Ze7jgkZ6hgEBCCg4cAAu0R2Df6R6xacuF6Sc8jsK69TWHmqQhYbLimxmqld/s5PmKq0XjTIAkgOAa5rSyq4wRcadFXJW4fX7ZvSHJTq9903H/cg0CZgJsG+nles/SXLrl/GJggUCaA4OB5gECzBFyK/B2SfNdd2I2RfeJ77huadYfZIDATAWehfLEiNg6NGjEzDcybh0cAwTG8PWVF3SXgjq6vqbh3SaoW6kqMrhiKQaBPBFaP59bZVYW9UtJBfVoEvjZHAMHRHGtmypeAaxK4rsaTKwj8d69KpxvX5YuGlfeUwOaSTqgUpXu/pD17uh7cboAAgqMByEyRNQHXJHCmie+5C3NgqFMFKUue9aPR28XvIemQ9OWy+5xs9HYbm3ccwdE8c2bMh4BrEXwlRerfs7RkB4Q+RtIF+WBgpQMisJ2k00rr8emcC9K9dUBrZCk1EUBw1ASWYbMn4KZVn5W0YonEOXGtcln2dADQRwKvqMRn3BRp3R/r42LwuXkCCI7mmTPj8An4uuSoyjI/Gvfbvk7BINAnAs5E8UlduV6MW8w/Ppqz9Wkt+NoiAQRHi/CZepAEnhBFu+5QWt1/RXv5QS6YRQ2awJOinka5L8oPQmz8fNArZ3FzJ4DgmDtSBsyYwHMlva+y/jdK2i9jJiy9nwTuKOn1qS6M01zL9glJLlf+p34uC6/bJIDgaJM+cw+JgLthfqiyoLeMqLsxpDWzlmESeLmkgytL+10IkKqgHiYBVlULAQRHLVgZNDMCo042XirpnZlxYLn9JuDrQNeFeXBlGQ4KtQA5v9/Lw/u2CSA42t4B5u87gVEBok+X9PG+Lwz/syHgGjHvlbRFZcVXS9pLkq9RMAjMTADBMTNCBsiYwPPjJ79lSwyekfqkkCaY8UPRo6XfLWpo+ISubNdEYa93E6vRo93sgasIjh5sEi52koC7Yb6n4tkukpz+ikGgqwQsjh8p6XWSNhvh5EkRd3RRVxeAX/0lgODo797heXsEnHniCP7CXABpV0qVt7chzLwkgeUkuVOxA0I3GvHqD0pyYS/X18AgUAsBBEctWBl0wASeLenI0vp8z/2UKIw04GWztJ4ScEdXdyP2c7teZQ2up/E9SQdIurin68PtHhFAcPRos3C1dQLVANFLJb2amI3W9wUH/pWARYaFhPv5VO3rkpyyXe6JAkMI1E4AwVE7YiYYCIGdK8LiRkluZPW1gayPZQyDwDMj4POuI5bjzKl3pOaB5w1jqayibwQQHH3bMfxtg8DTJB1fmvgP0V7ezdkwCLRN4AERm+Gg5aqdlYJDvyDJMRruVIxBoDUCCI7W0DNxTwi4DsHhJV//LMk/RX6qJ/7j5jAJ+ATDAaBPlXTfyhJ/K+k4SUdLcpwGBoFOEEBwdGIbcKKjBLaWdHpFbOwh6YSO+otbwyewjaS9JW0/Yqnfj94nPtHAINA5AgiOzm0JDnWEgJtWHZgC75Yp+bOnpPd3xD/cyIfAw6NA10NHLPlaSUfFc/njfJCw0j4SQHD0cdfwuW4Cj48CXrdHbNSNmvEXIPBASdumSp8vSwXmXBG0aj7F+HBcnQARAr0ggODoxTbhZIME3MDKd993Ls15SNyXN+gGU82JwMqRteFaKe4J8hJJjnHoqllouOvwhiMcdM2MIyJbivbwXd1B/FqQAIKDhwMC/yDwGEnlzJP/kfQ5SW497/bcWP8IWGiUY24eV9njLqzIWVDu0OoOw1XzlYlPMo6V9J0uOIsPEJiWAIJjWnK8b2gENpH0xdRSfvnSwhzh/2hJVw5tsRmtx2LDoqOwrgiOtSU9IrqxOq21asdIOiWeyesy2i+WOmACCI4Bby5LG5vAHVJ64YXpKHvV0jt8ouEPBP891k8CDrY8s+T6zyU9rMUrlTUkbSXJjf/uPwKpTzB8muEgUKdfYxAYFAEEx6C2k8VMQeC28aH0kNJ7b5C0U/pw+tIU4/GW7hBw/RTXUSnMAZiHNuyeAz59Jfc8SWuOmPtbUZjr8ynV9ZyGfWM6CDRKAMHRKG4m6yCB/ZJPb6j45ToH7+qgr7g0HoEVI/DSMTlle1BDcRCeZ8dUQtzzbzzCZQd8OvjT1z3EZYy3p7xqAAQQHAPYRJYwNQEfr7uRVdl8qrGDpJunHpU3tknAYsMnBe6SWrW6/r9bNgkHx4b4ubHIWGHE3L+MLBkHJdN/p80nhLlbI1DXP8DWFsTEEJiAgCszblB6/e8lrU+Q6AQEu/XSW0fMTbXUt710EKZL0s/L7hGnGI+NX0eN6+fJ87pmhgOSMQhkTQDBkfX2Z71412N4Z4WAPzxOzZpKvxfva7AXL7AEB2laYE5rrsvypDSG277fW9JGCwx0bjxDTqf+9rST8T4IDJEAgmOIu8qaliJwG0mXV46+fZ/ueghYPwm4kdnBC7h+iaR1Jrwmcxlx99Jx+qrjMe64wNjXpNd9I04w3P6dei39fH7wugECCI4GIDNF5whUP5z+O6UjOmXx153zFIfGIbCvpP0XeOFPIxX2qkUGcgn73VNXYF+TuGaHxclidkaqz/LNiMUoN/cbx1deA4FsCSA4st36bBfue37XY3DJ68LeJMkfWlj/COwSVThHef73iMkpNzVzyXBfj/x71MJYL6XKLrfEsl3Lw1cl/vpk/xDhMQS6QQDB0Y19wIvmCOwagXzFjH+U5BocdNpsbg/mNdNT02mErzEWstdGkS8341ttgWJb1ff+RtJXJV0g6cukrc5rqxgHAhKCg6cgJwK3TIF/Lle+bmnRb5f0qpwgDGSt95HkZmauEjutuYlbISz8q4NKicGYlibvg8ASBBAcPCI5Edgyfnot1vy3OHK/OCcIPV2r62s4vsICY5s4lZpEbLi+iqt6+iTrF/H7nqLAbQj0kwCCo5/7htfTEfh0+onWx+uF+c9Oc8S6Q8Dpq7dL1xlblL7ctfeuY7poMXFcKml+RZxm/YhTizHJ8TII1EwAwVEzYIbvDIFV4ifbW5U8evoSMQCdcX6Ajjh409VcXWjNFV/9NaoMeHXpN0pyZc9Rdn5KT3U6600D5MWSINB7AgiO3m8hCxiTgPuluG9KYWdJ2nzM9/Ky2QhYXGwmyRVAHaBrcbGUOTPE9S2caeLsEDfUczqzi7ONMmceWWxcudTAfB8CEGiHAIKjHe7M2iwB3/X/RNJKMa0/xF4xotJos14NbzanGruWhYWchYUzQywCFrKzJf0lrj5clfOiEBejXu8S4c4wGmUO+HTGimtuYBCAQEcJIDg6ujG4NVcCriB6fGlEZyK4o+eshb42leQaHu/OsCS6+VlUuMy3C2X51MIFtKrXHZdK+qGky6KpmtOQ3chskrLfr0zjvm2BJ+Lq8AOxMdd/MgwGgfkTQHDMnykjdouAn3Ffn/jDsbAj0wfgc+bgpstaLx/jOOPFx/4OUnQMgbMhXJHSf3aGRZ+CFy0cfP2xaiqq5fRT/3mTOK24PtUxWXMEO8dWnBYl4x24+d0QFX79LLZYyfJro+x4tePvLPPxXghAoCYCCI6awDJsZwj4FMLtygv7k6Tt5pQW6ToO95xgpf7p3lUtLT5srnLpn/x9rXCXiFf4syT3evFJQfHv06XXbcWfXS3VH7auG+EgWNcX8ff8q7/8U7+/V/y9szwK81jFn33d4df473wd4vLuHscCYzHzaYLXYFFhtv69e9PM23aSdNICg/pazA3UXFcFgwAEekAAwdGDTcLFmQi4KZvrNxTmNuHbzjTiP97sVM0D41phe0nLjDmuP+B9GuKGYP51qQ/4MYed28sspBzz4vbqvg7xKYVrWDiIsyl7QspgOTEEUXVO++P0ZtfWwCAAgZ4QQHD0ZKNwcyoCvspwp9Byp89nVkqbTzXwAm/6t7iG2CquHzzvA6eYwKcwPsHwh77La/t6xuuwOPGvd1pkXJ9U+DpkHLPwsYjwr57TJxZdsCdLOnqBKqI+DXIBN2euYBCAQI8IIDh6tFm4OjGBD6dGbbvFu3wE78BRZzqUrxgmHnTCN/hqxEWsnBbqf2+OhXCApRuITWs/i2sMX5v4SsPZHb5GsUjpuz0gYl+K2Jjyely3w4LRhb0wCECgZwQQHD3bMNydiIDTJV250uZjeIsNVxftgjnwcoPIlnEsgmNBpjkNKa/FjcecauogWQeuOpjSoqQvZmHm/bnbCIcdoOtrFjdWwyAAgR4SQHD0cNNweSwCbtBWBGf6Df7p2NcNV4317vZeZNFhMeKsGgeVrp5+ol97Rnd88uGTEJ+CuKCWBYljM7pkvo6ymLjXCKd8leR28id3yWF8gQAEJiOA4JiMF6/uDwEHijpgtLD3pA/cF/fH/X/x1BklFiBOU/V1g391Bs4sVzMWIqdHC3afhFiMOL21aXPWjWujOIOnat+Mol4+vcEgAIEeE0Bw9HjzcH1RAtVS5numSqPvHyAzn4Y8OE5BXFHVAZUWItOaTxN8+uHiXA7M9O99InLdtAMu8T5XJnU2yqhy5x9PfuxOb5SayDMsBBomgOBoGDjTNUbguel4/n2l2fZPv7cIycUsPJzN4iBVf6g7Fdh1NqY11xBx1oyrs1qI+GqqCFiddkxXKXXJ8keNGOCTESA6a+GwaX3jfRCAwJwJIDjmDJThOkNg67guKBx6VqRadsbBlhxxjIgFiPm4O6v/XE4bnsYtt4J3AbOLJbmGx/eiIJlTeB28OqqMuec8NupplOf0ScoB6Xrl0Ii7mcYf3gMBCHSQAIKjg5uCS3Mh8IhIrywGc3zCI+cy8vAGcUyI01EtPnwq4kBVx4iM09V1XBoWHq6i6tMR/7/jq6BRwbA7V/rejDv+PF/nJn+OjXH9EwwCEJgTAQTHnEAyTCcJVOtt8LxPvk2+9nAGiUuou5aIU1adxutOsBYm8zQX9XIRMu+TTzqKkxIHtDrA1T74aseBrhYrFjG+cnFgqX8/ypxu7IBbix2fvrisvU9XLCg2jPk8prOCXDnWz0xR+dUnQOfPc4GMBYGcCfAfcM67P/y1HxVBh8VK/UHp2hzYfAlYkFiYuC+LM2ksSlzwbIWovOosFKe7rjXfaWsf7XGpTspna5+FCSCQCQEERyYbnekyq5kqxHG09yD4/xp3fj2o5II77LpQmbv3FqclPrmwOLFgmSXbZpKVugGcRdGV0UjPPvk05IhJBuG1EIDA4gQQHDwhQybgypSfKi1wn3ScfvCQF9zRtbn7rVNc3XCtbGdEe3lfdyxlm4cosDDwFUn5/y6LE6cGV63omlv8vcvb+/rF1zYWO002o1tqfXwfAoMngOAY/BZnvcBHpw8nd4ct7DWS3pI1keYX77iLw1P7+v8oTe0Pe2ehvLJ5d5gRAhBoiwCCoy3yzNsUgXLgaG61OJpivNg8p0WgZvEad6X1FcrLuuAcPkAAAs0RQHA0x5qZ2iHwi1J8ADEcze2BC465W+86pSn/mq5FDkzBpW9szg1mggAEukIAwdGVncCPugiUBYfrcLgeB1Yvga1S2qwzhFYpTeOS6S+Mv693dkaHAAQ6SQDB0cltwak5EigLDpf2do8QrB4Cjtd4daoQ+trIMilmcY2MXaNnSj0zMyoEINB5AgiOzm8RDs5IAMExI8Ax3+6iWQ4E3a3y+l9Jcl+bcvDumEPyMghAYEgEEBxD2k3WMoqAUy9d5tzmuhwOHMXmS8Blyt1szeXRC3Ow7s8iFfbC+U7HaBCAQB8JIDj6uGv4PAkBtzd3PEFhblHvOI7jJhmE1y5IwLU1XCDLDeEKc3DoZyITxd1lMQhAAAL/VDwHHBAYKoHDUjv155cWd3PqlHpKfFC6yqQrTGKTE3hpitV4WxTkKt7ttNf3RjbKOAW9Jp+Vd0AAAr0kwAlHL7cNpyckcBdJb41YglFv9QnIWZI+OOG4ub7clT1PTlU7XVitbI7XeEl8L1c2rBsCEFiAAIKDRyMnAs+QtMcibeqvkvTtaGv/EUlX5ARnzLW6++oJkrYovd6lwn8YAsQMMQhAAAL/QgDBwUORI4H7SXpRBDSutAgAXwm4LfqpEQDpdunXhCjJkdvWko5NV1EWHYXdmFrG+2rlA9GjJEcurBkCEBiDAIJjDEi8ZLAEbi/paZJ88uFiVZPY9dFAzA3AHCTp7qLOxvBP+z9JvUMul+RmYUPJ0NhO0jGS7l6C5HXunRqnuXw5BgEIQGBRAggOHhAI/B8BxyXsHHEeozqPzsLJYqS4rrlA0vnRtXSWMZt8r0vC+wTDhb0Ks9DaXhKBoU3uBHNBoMcEEBw93jxcr43AipK2TdcH95G0aXyw1jHZRakC5yUpruRSSV+T5OBW1644vY7JphyzmlbsTq+fi1MhxMaUUHkbBHIkgODIcddZ8zTXe0vwAAAD+UlEQVQEtkxZLCtLWit+0n9o/Oo/32uaAZd4j+tXnCPpvFQq3Gm8J0q6rIZ5FhvShdKcTlxco/wlXRntK+ntDfvBdBCAwAAIIDgGsIksoTMENpN029QN9ZYprsHXMv79RnFysXaqT+GTk1nNTdBcPfUkSedK+v6sAy7wfvt/duV7rtJqEYJBAAIQmJgAgmNiZLwBAjMRcDrpreOkxCJkh/j9LIM6RsRXMz4RcTCrA1Z9LeM+MpOaRZOvUdz/pGyIjUlJ8noIQOCfCCA4eCAg0D4Bp+ZuEPEiPlnYeI7XNNel9F8Hql4dAsTdcp3qu0yIFP/ZX57XQaD7jcDxHUkPah8THkAAAn0mgODo8+7h+5AJrCrpYVGkzPEi67a0WBc/e3ik+rbkAtNCAAJDIIDgGMIusoYcCDhg1VcwDl7dSdL9G1i0K4r6xOPHDczFFBCAwMAJIDgGvsEsb9AEVourjh0jhXfzOa3WmTHvkvTROY3HMBCAAAToFsszAIGBEVguMmPcLn4dSSuklNr1I1DVVzOL2ZmSDoo6GwPDwnIgAIG2CXDC0fYOMD8EmifguhrrSXIflCsjaNR/97vmXWFGCEAgFwIIjlx2mnVCAAIQgAAEWiSA4GgRPlNDAAIQgAAEciGA4Mhlp1knBCAAAQhAoEUCCI4W4TM1BCAAAQhAIBcCCI5cdpp1QgACEIAABFokgOBoET5TQwACEIAABHIhgODIZadZJwQgAAEIQKBFAgiOFuEzNQQgAAEIQCAXAgiOXHaadUIAAhCAAARaJIDgaBE+U0MAAhCAAARyIYDgyGWnWScEIAABCECgRQIIjhbhMzUEIAABCEAgFwIIjlx2mnVCAAIQgAAEWiSA4GgRPlNDAAIQgAAEciGA4Mhlp1knBCAAAQhAoEUCCI4W4TM1BCAAAQhAIBcCCI5cdpp1QgACEIAABFokgOBoET5TQwACEIAABHIhgODIZadZJwQgAAEIQKBFAgiOFuEzNQQgAAEIQCAXAgiOXHaadUIAAhCAAARaJIDgaBE+U0MAAhCAAARyIYDgyGWnWScEIAABCECgRQIIjhbhMzUEIAABCEAgFwIIjlx2mnVCAAIQgAAEWiSA4GgRPlNDAAIQgAAEciGA4Mhlp1knBCAAAQhAoEUCCI4W4TM1BCAAAQhAIBcCCI5cdpp1QgACEIAABFokgOBoET5TQwACEIAABHIhgODIZadZJwQgAAEIQKBFAgiOFuEzNQQgAAEIQCAXAgiOXHaadUIAAhCAAARaJIDgaBE+U0MAAhCAAARyIYDgyGWnWScEIAABCECgRQIIjhbhMzUEIAABCEAgFwIIjlx2mnVCAAIQgAAEWiTwv8x8IBUv37beAAAAAElFTkSuQmCC', '2025-07-28 07:17:55.73+00', 'JHB', 'Seller2 Oy', 'sole_proprietor', NULL, NULL, NULL, 'https://wtfnnkrmvpmmsvciejmv.supabase.co/storage/v1/object/public/documents/brand-photo_b6899180-3d7c-457a-b62a-359370431fd3_1753687058843.jpeg', 'https://wtfnnkrmvpmmsvciejmv.supabase.co/storage/v1/object/public/livestock_affidavits/affidavit_b6899180-3d7c-457a-b62a-359370431fd3_1753687051638.jpeg', NULL, NULL, NULL, NULL, NULL, NULL, NULL),
	('77846881-b679-47a7-b910-6ea3fbf2cd12', 'seller1@seller1.com', 'Seller1', 'Seller1', 'seller', 'approved', 'en', NULL, NULL, NULL, NULL, NULL, NULL, NULL, NULL, NULL, '2025-07-28 07:27:46.736119+00', '2025-07-28 07:29:44.512287+00', true, '2025-07-28 07:31:46.867+00', NULL, 'sole_proprietor', true, true, true, true, true, true, true, true, true, 'data:image/png;base64,iVBORw0KGgoAAAANSUhEUgAAAhwAAADYCAYAAACgGDr3AAAAAXNSR0IArs4c6QAAHjNJREFUeF7t3QnUddd4wPHHmKKTGlo1VYlIxdRWCBEdjEFbpZTGEETaaldoU7S1IoYa2yJlIQShKBFFB23FlDYo1RpCUtKgikhSVFpBGnr+PKfrurnnvue+79n3nn3uf6/1rnwf9569z2+f773P3cOzLxUWBRRQQAEFFFCgsMClCl/fyyuggAIKKKCAAmHA4UOggAIKKKCAAsUFDDiKE1uBAgoooIACChhw+AwooIACCiigQHEBA47ixFaggAIKKKCAAgYcPgMKKKCAAgooUFzAgKM4sRUooIACCiiggAGHz4ACCiiggAIKFBcw4ChObAUKKKCAAgooYMDhM6CAAgoooIACxQUMOIoTW4ECCiiggAIKGHD4DCiggAIKKKBAcQEDjuLEVqCAAgoooIACBhw+AwoooIACCihQXMCAozixFSiggAIKKKCAAYfPgAIKKKCAAgoUFzDgKE5sBQoooIACCihgwOEzoIACCiiggALFBQw4ihNbgQIKKKCAAgoYcPgMKKCAAgoooEBxAQOO4sRWoIACCiiggAIGHD4DCiiggAIKKFBcwICjOLEVKKCAAgoooIABh8+AAgoooIACChQXMOAoTmwFCiiggAIKKGDA4TOggAIKKKCAAsUFDDiKE1uBAgoooIACChhw+AwooIACCiigQHEBA47ixFaggAIKKKCAAgYcPgMKKKCAAgooUFzAgKM4sRUooIACCiiggAGHz4ACCiiggAIKFBcw4ChObAUKKKCAAgooYMDhM6CAAgoooIACxQUMOIoTW4ECCiiggAIKGHD4DCiggAIKKKBAcQEDjuLEVqCAAgoooIACBhw+AwoooIACCihQXMCAozixFSiggAIKKKCAAYfPgAIKKKCAAgoUFzDgKE5sBQoooIACCihgwOEzoIACCiiggALFBQw4ihNbgQIKKKCAAgoYcPgMKKCAAgoooEBxAQOO4sRWoIACCiiggAIGHD4DCiiggAIKKFBcwICjOLEVKKCAAgoooIABh8+AAgoooIACChQXMOAoTmwFCiiggAIKKGDA4TOggAIKKKCAAsUFDDiKE1uBAgoooIACChhw+AwooIACCiigQHEBA47ixFaggAIKKKCAAgYcPgMKKKCAAgooUFzAgKM4sRUooIACCiiggAGHz4ACCiiggAIKFBcw4ChObAUKKKCAAgooYMDhM6CAAgoooIACxQUMOIoTW4ECCiiggAIKGHD4DCiggAIKKKBAcQEDjuLEVqCAAgoooIACBhw+AwoooIACCihQXMCAozixFSiggAIKKKCAAYfPgAIKKKCAAgoUFzDgKE5sBQoooIACCihgwOEzoIACCiiggALFBQw4ihNbgQIKKKCAAgoYcPgMKKCAAgoooEBxAQOO4sRWoIACCiiggAIGHD4DCiiggAIKKFBcwICjOLEVKKCAAgoooIABh8+AAgoooIACChQXMOAoTmwFCiiggAIKKGDA4TOggAIKKKCAAsUFDDiKE1uBAgoooIACChhw+AwooIACCiigQHEBA47ixFaggAIKKKCAAgYcPgMKKKCAAgooUFzAgKM4sRUooIACCiiggAGHz4ACCiiggAIKFBcw4ChObAUKKKCAAgooYMDhM6CAAgoooIACxQUMOIoTW4ECCiiggAIKGHD4DCiggAIKKKBAcQEDjuLEVqCAAgoooIACBhw+AwoooIACCihQXMCAozixFSiggAIKKKCAAYfPgAIKKKCAAgoUFzDgKE5sBQoooIACCihgwOEzoIACCiiggALFBQw4ihNbgQIKKKCAAgoYcPgMKKCAAgoooEBxAQOO4sRWoIACCiiggAIGHD4DCiiggAIKKFBcwICjOLEVKKCAAgoooIABh8+AAgoooIACChQXMOAoTmwFCiiggAIKKGDA4TOggAIKKKCAAsUFDDiKE1uBAgoooIACChhw+AwooIACCiigQHEBA47ixFaggAIKKKCAAgYcPgMKKKBAWYErRsRLIuIOEXFKRBweEReWrdKrKzA+AQOO8fWJLVJAgWkIHBQRD4mIh83dzr0j4uRp3KJ3oUB/AQOO/la+UgEFFOgjcLOIOCki9u14sQFHH0VfMzkBA47Jdak3pIACGxK4Z0QcFRG376ifaZQ3RcSDI+KrG2qj1SqwMQEDjo3RW7ECCkxEgEDj6UtGNLjNV0fECyLi1Incs7ehwMoCBhwrk/kGBRRQ4FsCB0bE4yLiHh0ejGIcExEvjIgva6bAtgsYcGz7E+D9K6DAKgLsOLl/RByRAcei954TESdGxPERcfYqF/e1CkxZwIBjyr3rvSmgwJACh0XEkyLiRzouemZEPCciXuWIxpDsXmsqAgYcU+lJ70MBBUoJMJrxiIhg90lXeW4GG2eVaoTXVaB2AQOO2nvQ9iugQCmBG+doxU2XVHBcjnqcX6oRXleBqQgYcEylJ70PBRQYSuB6EfEnTVbQgyPi+xZc9N8i4skR8cZmG+wXh6rU6ygwdQEDjqn3sPengAJ9BX44AwlSjy8qX4qIZ0cEoxoGGn1VfZ0CKWDA4aOggALbLsCIBgtCHxoR1+3AYI0GP/+67VjevwK7FTDg2K2c71NAgSkIPD4ijmxyZVyj42ZekYtB3z+Fm/UeFNikgAHHJvWtWwEFNiVw34h4ZkRcu6MBpCA/NiL+ZVMNtF4FpiZgwDG1HvV+FFBgmcBOgcbbIuJoAw0fIgWGFzDgGN7UKyqgwPgEDo2IJ0TET3Y07cM5ovH68TXdFikwDQEDjmn0o3ehgAKLBTgKnvNMbtIB9KGIeEpEvEZABRQoK2DAUdbXqyugwGYEfi8i7hYRt+mo/uO5Bfblm2metSqwfQIGHNvX596xAtdsTjn934i4WvPt/xu5FZRdGldqPoQvGxG3jYiL8zWXjwgybpKjgt8Xl04+XvfN5lj2K3RwfiQivpCv4XXviYgL8xrvzbNG/jkivjJgd5Cki4PVWAzKvSwq/5lpyh3RGBDeSynQR8CAo4+Sr1Fg3AI3j4ivNyeUkk+CYIIggKPRySnBQWPflX/+7iaD5lXyw5j/bUzlLRFxUUScGxEfjYj/iAgOQyMg+sQOh6H9UET8TvOa31pyQ1zz+ZlLY0z3bVsU2BoBA46t6WpvtBIBgoVb5EjAdXLbJh+6fHsnsODf7E/kyAGjDwQQfcu/RwTXpLBIkhEIrs2IAwEK5Wv5d0Y4ZgsjFuf1rOjHIuLqM6/9gYhozyO5VQZE3AcLODnuvU/5bLaRURFGWciLwSjG3Weuveg6BDIcE/+6PpX4GgUUKCdgwFHO1isrMCvAiMItc1rhgIi4QUTwIco6Az6gu44876vI+R7nRAT/JXjg2h/I0Y1PZ4DBv/cv973gGl93SAYRGLQObdCCE6M2qxamajAgsGIqh1ESRk0I0giqMDk7Ii6Xr1n1+r5eAQVWFDDgWBHMlyuwRIBv3AQTjECwJoIPUqY6GLFg5KLvt/nZKviw/Kc8u4MkVIxIMD3AByo/fHASZEy94PeMiPiVJvPnlTtuFpv/jojv3QUGZ6MwqsMoDr5c610ZCF0mIv4hIjgRlsWmFgUU2IWAAccu0HzL1gsQQNwot1qy3ZI/8018N4UpAhYyMkXAhx7/5YOPD04CjW0vV21cjoqIR0YEa1AWldMj4sURwY6T9lA1pqBYrEoASDZRAj+mdfidd/2ZDKOMnrAgtm8wSABI8EM99A/XY6SE0RP+Tr/Rp/+z7R3n/SswL2DA4TOhQLcA35RZN0GAwQcTIxcsxOQDq09haoNRCYbw3x0R/5UfRp/Jb9F9rrGtr7l1s4D015vRmwcsATilGYF4YkT8/UBILLqlf5l2abfTEuTQ74xy3G7FehgNaQ97Yy0JIyc8E5/bklGpFbl8+dQFDDim3sPeX18BvuGyboBvu3zIEWzwoddneP7zuaPiH3OtALsr+GFNhaW/ACNFpB6/X0Ts1/G2T+VOk1flGo3+Vx/uld+TQQhXJBhlNOWgiNinGWm5Vs+A9IJsDoEIzwp/J9BhGqcd7RquxV5JgREIGHCMoBNswkYECDAOz7wTPx4Rd828FMsaw7dThs35UPhk8+F4RvM+ggyG2S27E+DD+4hmWuKBEXGzJZdgyuS4ihZ4tjtzCCJYLMzWXabf2t1GfbV41pi+YQ0J60tYCExh5ITpG4sC1QgYcFTTVTZ0AIGDm+H3n20ChjstyUA5Ww1D9gQYzMmzOJPkVZZhBAjyOBr+55Zc7qxmKutFzQLcF+Z01DA1j+cqJFhj+zCBFgEw24T5O4nW+pQv5fQMgS+jaezIIaEbQTC/20nbblFgNAIGHKPpChsyoABTI+RnYLh7/1wgyDfOZYVTQt+Xw9vkpWC+3TKsALt4fq2ZCnl4ROzbcWlGkU7ORaDvGLb66q5GQEIgwnoSfle3a0ywY+qvT2G9CPlXWNjK1myCZoJnrsvzznQgeU143Xz5qZzq4X8nGGJUZdv7pI+5r+kQMODw0ZiCwA3zQ4wRDBJL7VSYM/9gM+/+t7l479Sd3uD/vycB1jf8ak6bdF2I0aSTIoK1GU4V9ONm63W71oWREQJtgooDM4gg4O6zBonFzEz1ME3ID9NcJJTryg3DCMqP5kJotmST2+XZzU4iRlwsCnQKGHD4cNQowDc/vvUxLM+3MObHl5WPRQRBBd/OGMlY9G2uRocxt5ngj+kS1sawNXVRoV9e2mwp/tPcVjrm+6m5bQQd/FuhMDrSJlJj1IJdOOQXuVdHwMECVoIYgo+u82laG6aCHBms+Ukp3HYDjsLAXn4QARbdHZ3f3HbKyMk2VLagnpZrLxjNsKxHgA8yAsCH5X+7aj2xmeY6YcDtrOu5u+2upV0ES04TpmHYScSOotnD+56T+VK2W8q77xQw4PDhGJsA34b5ZkyQwXAxazCWFRYW8i2Mn5etcN7H2O675vaww+TQ/ADqug/66Xk5osEQvqVeAaZs/izXlMzexZ2bkce/q/e2bHlpAQOO0sJef5kAC99Y3ElQQXDBsC/fpDjfYlFhWyCBBQvfSPbEXLIZHTfzjHEI3DHZfz/Y0QQWJzKawfqMd26mmdY6sMAfNgtJf3vummTKJRvsKweuy8tNTMCAY2IdOtLbYQEaOQhY1EZQwQ8L2nYqrIpnSyrb/pjn5wAuy+YEmO9/bObNmD0Ndr5FbMd8ei4A3VxrrXlIAf7Nkjp+fssugf9DPWNmSOrpXsuAY7p9u8k7Y0qEhZysZGdhGrkv+hTWX5DgiACD3QoOvfdRK/saAkMyr95lh+ktAsM3Nzsc/mjmPJOyLfPq6xDgSwJrch41Vxnn/XCY3hMydf862mIdlQsYcFTegRtuPgvGyNb5/fmBRGrqq63QpjdEBKmdSa5F7gvLeATIl0GgwZbWrkKiqbc2623+KqdNxtN6W7JXAabJfjdP5+UAvdnC7qIHmQhvr8Tb934Dju3r873eMad23iEimMNnmqRPYW8/Q6+kaWbXSHuYWZ/3+pr1CfAtluPfOaysq3AqKgsDGc143fqaZk1rEmCqjH/jBBuLylObNVZ/4NqpNfXGxKox4JhYhxa6HRaJsQ1u2QfRbNV8IDFqcW7mv2CqxDJOAfqWkYxl55jQcvqUkYxXuxNonB25x1YdkqfzstV1UWGr+aNzynOPVfn2bRUw4NjWnt/5vkmj/IgmLfJDIuLKS15OpkF+Gb0p0yezi8QyXgE+WDhm/W47TJdwB2T+fE2T/+SvPaBuvB26h5aRUfTB+dMmBpu/3EUR8aT82UNVvlWBb+fntygwK0BiLXYY3KeDhW2opARn1wjrL0xDPf7n5+Y5TM68+7LCqbdkYiXQ+IuI+ML4b80W7kLg1jlawdQoQceiQrry4zNl+Wd2UYdvUeASAgYcPhSzAo/J3Aoc7DRbCCr+MpM2mdhn/M8Mqajb1OKH7TBCxdHnpHxnAe8b3Rk0/s7dZQuZMmPE8ogd3s95KOTaeHFmFN1ldb5NgUsKGHD4VCBwx/wmwxa42cIpkywQYzTjK1KNWoDDt0i+9PMz52Z0NZhRKhZ8ki3yb0Z9VzZuVQFGKNkpxnorRi/Yos6fZ1OQL7smAQnBhkWBwQUMOAYnreqC/HIib8IvzrWahFt/nEOqVd3QljWWbcjsKiHI2GnHEFlZ2zNm3F1S94Ny3Tye/qZ5qiu5bjigrW++m0V3/4GcIiWvhtl7634+Rtt6A47Rdk3xhpGWmqyRs9982PLI+o3nFq/dCnYjwCgGwcVP59kly7J9XpA7hVjwycJP0oxb6hEg9wVB5D6Z44Z1OCzs7Fpzscqd8WycnplD35fHBazyfl+rwK4EDDh2xVb1m1gw9rSIuP3cXTCM+viI+GzVdzfNxrOA95dz6ov04l2FhExkaj256d+3u7OkioeBoIKRiWvl1MdlchfR0I1nbQZbmhnRZGeZRYG1CxhwrJ18oxVy5gHpiDkgrS0fj4j757fhjTbOyv9fgJTwHPPOSMbP5PD5Ih52D7AdmQ8QFvUyFWYZnwDTHUx/sR2ZxbyssbjtGpr51Twm4JkZhH59DXVahQKdAgYc2/Fw8AvuWTnf394xv4yYOjnWOduNPwTkOSHhEnPx/HQl4WKbKluRWY/BCAbz7pbxCBwQEaQEv2WTKO02Mws3h5gGWeUuT2syAb+keY7+3HNtVmHztaUFDDhKC2/++tfIxE3MAbeFQ9Hu7fkXG++chzfp3u8UEfda0hLSwRNkMIJB9lbL5gWumespCCrY2cXPDQo061PNFwXW7XBW0U6FI+I58JCpUU7rtSgwOgEDjtF1yaANYm6YBE6zC0P5ZnxP8y0M6tz3Ynx4cCjaPfIb8KL3MYpBkHFqRJyY6eH7Xt/XDSfAtBbbSZl+ZASKoIIsrewQGbpwzhDTY0yJsRWdQIbpzz7lpTmtRh4ViwKjFjDgGHX37Klx5GR4cpPEp11kSOZAFoty+JJlfQLsJCF99NFLTtLlaHdynRBoMF1iWY8AoxKsr2D3B2sqSHh3wyYJ2uxo4FAtYZ0Nu8BYM0U/fyJ3ijDdwr9Rvhxw8jJbXXcq7DxiJOOdZoPdicr/f0wCBhxj6o3h2vL7EcFPO7JxTubaIA+DpbwAazBYi8FUyV0XVMeOgRPyBF22JbozqFyfXLvZFrx/k679xhHBVMh+M+sshq6VoJ6DCr+ROU/ek+ts5rckk2iP6TRGT1gU3Kec3YyyvDZ3mZzf5w2+RoGxCRhwjK1H9t6e38hRjHZkgykVtlSaKXTvtsuuwLdivqEe2jGfz24S8mGQ/8A59uH6gqCard63ahZKXqeZhuLQQbaWttMhw9X07St9renj92YfMjpyVo5YsCWZ6ZBFpU3ORqDRZz1Gew3W7DBVwvqdDw59I15PgXULGHCsW7xsfY/KDKHUwi4UplDIHGgZXoAdCbfILcV3WXB5AguOcyd1ON96Wahr2b0A58PgzdQD0x+MXDBqUaoQSLAQs536IMj4SI/RKE7hJYMvaz04HI02r1Koh5EMssGyaNSiwGQEDDgm05Xf+mbNBxyF/fb3a+aDXz+d2xvFnTC/zygGSdMOWtAitiHyTZQgw7UYe+syMqrygc2oBR/aBBhDF6Y8GLFoA0JGKPgzP30K02ZsgWXdxYE9zrBZdM1P5igJhyISaBhk9JH3NVUKGHBU2W2XaDR7/1mnQflmRBzZzFe/aBq3ttG7YI6dLJ8EF3yrvv5ca9hRQi4MhrxfZs6DPfUV0xMEyHyA8+e9Fv49tInQCAIZrWC9DCcfsytk1cLiThaZsuaCJF6sz2H3yqqFgILnhXU7BBludV5V0NdXK2DAUW3XfUfD+ZbUbtd7XJ7wOo07W/9dsPblAZlGnO3D8+XC3K7Kt2M+IDmXwrJ3AXbpsNZhlcKHNws0P5dHqfP3dqHm5fNC/P9MhSwrTM3wuosz4LlcLjRlHQgjF/ydKZ1VClOaTI/wvLAVnT+fl2t4VrmOr1VgMgIGHPV3Jdvj2j37r2z283O8NL/kLP0FyMTKbpJfyBwl8+/kg+L4zHfAB4dleIF3LDjfZ8haOAGVgILfeYwCsrCUqcfdjFLMt4vzaxipYLSLoIcg9P1DNt5rKTAFAQOOunuRb+DtOg3WDDDv/fm6b2ltrWc9Bgm42MHDXPx8Yfj95Znl0zNKyncLa45Y5MyajTGWD+cUDUEFOTWYsuHf2hljbKxtUmCMAgYcY+yVfm3iGxpDxeQVYF6abYEf7ffWrXwVKd4ZsudANNZi4DZbGMUgodKbc9Gnu0o285iQ0ZMt3IxIMNXBIXaMIDASQYIukmcxIjVbrpJHuc+3mC2yfQMYcqMQVLRTMDwPLCI9MyJIzMYUiUUBBfYgYMCxB7wNv/WYmS2vTKMwtWL5TgHSiJNO/M75wTXvQzIl8mNwbLdTJT49CiigQEEBA46CuAUvzWp55ohZzU9ir1/K7X0Fq6zi0kwxcQYG34SZXrrSglazQ4AEXLg5ilFFt9pIBRSYgoABR529yBbMB+WwMzkA+Ka+bYVdOQy5k5+Bbat3jwiG1ucLixHbvBgm4Nq2p8T7VUCB0QgYcIymK3o3hBwALFzbp3nHsVuUSfSqOZJDpkkSQjFVsqgw8kOWRrZHMidP/gWLAgoooMCGBQw4NtwBu6j+uOZD9DdzhfxNcm//Li4z+rdwbyRZ4qhukm5x8NaiwomZLPZ8m0mURt+nNlABBbZYwICjrs4nmdG5+e2eM1IY4ZhK4QyKNsDgMK5FhV0DBBhMITE98hYPpZtK93sfCigwdQEDjrp6mMWhnLfAtkG2D9Z67gLrTlh/sW+OXpAHgzTi84VkSu9usn6elv/tOo2zrl60tQoooMAWChhw1NXpr2gOejqs+bA+Kc/4qKX1HMn9wDyLgjUYBEvzheCJEzo5gI4kZu+q5eZspwIKKKDAzgIGHDsbjekV7ZkpRzUjAqzlGGu5eh7bTjIytqlyHsV8OTUDCw7W4jAtRy/G2pu2SwEFFBhAwIBjAMQ1XYJRgi9mXQfnNMOaqu5VzQHNVM+j8yRNTvycL2/NUzKZJmENBqdlWhRQQAEFtkTAgKOejmakgDMcKOSb4Gj0TRa2qZJ2mmO6OY9kvrCgk/NIOAWUBFsGGJvsLetWQAEFNixgwLHhDliheraJfihff4UNne3AyMUhTd2PjQgCjvnygiYIIdEW6y8+vcK9+VIFFFBAgYkLGHDU08EcPtaOEuyfh0qto/Vk8Lxdc9bIoU1CLaZNZsvpuXvkhFyPsY72WIcCCiigQIUCBhz1dNql80hsTsp8RkQ8pmDT75sjGRwZzimds4UMns/LdOHnF2yDl1ZAAQUUmJCAAUddnclUxlMi4uImB8fhuT5iqDsgxwenq3J8+2wh5wfHg7Mm4/l5fstQdXodBRRQQIEtETDgqKujmVYhERYHl1HOiIgjc1vpKndyvcyFccc8l4QkXLPlgjxN9e0ee78Kq69VQAEFFOgSMOCo79lg8SiJv/abaToLNM/MI+tZ58HuEKZCLsqzVliDwWFvnEnC6apk9pwv50XEKU3a9Gfl++uTscUKKKCAAqMVMOAYbdcsbdhlM3PnIyOCAGS3hREMjm7np90Bs9tr+T4FFFBAAQU6BQw46n84rpgjF6zBYNSDbavzhYWe50QEWT0/lmsyzOxZf997BwoooEA1AgYc1XSVDVVAAQUUUKBeAQOOevvOliuggAIKKFCNgAFHNV1lQxVQQAEFFKhXwICj3r6z5QoooIACClQjYMBRTVfZUAUUUEABBeoVMOCot+9suQIKKKCAAtUIGHBU01U2VAEFFFBAgXoFDDjq7TtbroACCiigQDUCBhzVdJUNVUABBRRQoF4BA456+86WK6CAAgooUI2AAUc1XWVDFVBAAQUUqFfAgKPevrPlCiiggAIKVCNgwFFNV9lQBRRQQAEF6hUw4Ki372y5AgoooIAC1QgYcFTTVTZUAQUUUECBegUMOOrtO1uugAIKKKBANQIGHNV0lQ1VQAEFFFCgXgEDjnr7zpYroIACCihQjYABRzVdZUMVUEABBRSoV8CAo96+s+UKKKCAAgpUI2DAUU1X2VAFFFBAAQXqFTDgqLfvbLkCCiiggALVCBhwVNNVNlQBBRRQQIF6BQw46u07W66AAgoooEA1AgYc1XSVDVVAAQUUUKBeAQOOevvOliuggAIKKFCNgAFHNV1lQxVQQAEFFKhXwICj3r6z5QoooIACClQjYMBRTVfZUAUUUEABBeoVMOCot+9suQIKKKCAAtUIGHBU01U2VAEFFFBAgXoFDDjq7TtbroACCiigQDUCBhzVdJUNVUABBRRQoF4BA456+86WK6CAAgooUI3A/wHF1VoGpM64+wAAAABJRU5ErkJggg==', '2025-07-28 07:31:46.868+00', 'JHB', 'Seller1 Oy', 'sole_proprietor', NULL, NULL, NULL, 'https://wtfnnkrmvpmmsvciejmv.supabase.co/storage/v1/object/public/documents/brand-photo_77846881-b679-47a7-b910-6ea3fbf2cd12_1753687892107.jpeg', 'https://wtfnnkrmvpmmsvciejmv.supabase.co/storage/v1/object/public/livestock_affidavits/affidavit_77846881-b679-47a7-b910-6ea3fbf2cd12_1753687885961.jpeg', NULL, NULL, NULL, NULL, NULL, NULL, NULL),
	('970fe15e-4cf4-46f0-b66a-805cef1abace', 'seller3@seller3.com', 'Seller3', 'Seller3', 'seller', 'approved', 'en', NULL, NULL, NULL, NULL, NULL, NULL, NULL, NULL, NULL, '2025-07-28 07:34:30.670086+00', '2025-07-28 07:34:30.670086+00', true, '2025-07-28 07:42:27.771+00', NULL, 'sole_proprietor', true, true, true, true, true, true, true, true, true, 'data:image/png;base64,iVBORw0KGgoAAAANSUhEUgAAAhwAAADYCAYAAACgGDr3AAAAAXNSR0IArs4c6QAAIABJREFUeF7tnQe4ddl8h39GZzDaMMoYjD5j9N5blDDEED1Eid4SISRBSJAIHiUhktEZPSFMEASJXkYZfTATXcjoZQzZr6wtO+eess+9Z52yz7ue5z73++7de6+137Xu2b/9X/9yitgkIAEJSEACEpBAZQKnqHx9Ly8BCUhAAhKQgASi4HARSEACEpCABCRQnYCCozpiO5CABCQgAQlIQMHhGpCABCQgAQlIoDoBBUd1xHYgAQlIQAISkICCwzUgAQlIQAISkEB1AgqO6ojtQAISkIAEJCABBYdrQAISkIAEJCCB6gQUHNUR24EEJCABCUhAAgoO14AEJCABCUhAAtUJKDiqI7YDCUhAAhKQgAQUHK4BCUhAAhKQgASqE1BwVEdsBxKQgAQkIAEJKDhcAxKQgAQkIAEJVCeg4KiO2A4kIAEJSEACElBwuAYkIAEJSEACEqhOQMFRHbEdSEACEpCABCSg4HANSEACEpCABCRQnYCCozpiO5CABCQgAQlIQMHhGpCABCQgAQlIoDoBBUd1xHYgAQlIQAISkICCwzUgAQlIQAISkEB1AgqO6ojtQAISkIAEJCABBYdrQAISkIAEJCCB6gQUHNUR24EEJCABCUhAAgoO14AEJCABCUhAAtUJKDiqI7YDCUhAAhKQgAQUHK4BCUhAAhKQgASqE1BwVEdsBxKQgAQkIAEJKDhcAxKQgAQkIAEJVCeg4KiO2A4kIAEJSEACElBwuAYkIAEJSEACEqhOQMFRHbEdSEACEpCABCSg4HANSEACEpCABCRQnYCCozpiO5CABCQgAQlIQMHhGpCABCQgAQlIoDoBBUd1xHYgAQlIQAISkICCwzUgAQlIQAISkEB1AgqO6ojtQAISkIAEJCABBYdrQAISkIAEJCCB6gQUHNUR24EEJCABCUhAAgoO14AEJCABCUhAAtUJKDiqI7YDCUhAAhKQgAQUHK4BCUhAAhKQgASqE1BwVEdsBxKQgAQkIAEJKDhcAxKQgAQkIAEJVCeg4KiO2A4kIAEJSEACElBwuAYkIAEJSEACEqhOQMFRHbEdSEACEpCABCSg4HANSEACEpCABCRQnYCCozpiO5CABCQgAQlIQMHhGpCABCQgAQlIoDoBBUd1xHYgAQlIQAISkICCwzUgAQlIQAISkEB1AgqO6ojtQAISkIAEJCABBYdrQAISkIAEJCCB6gQUHNUR24EEJCABCUhAAgoO14AEJCABCUhAAtUJKDiqI7YDCUhAAhKQgAQUHK4BCUhAAhKQgASqE1BwVEdsBxKQgAQkIAEJKDhcAxKQgAQkIAEJVCeg4KiO2A4kIAEJSEACElBwuAYkIAEJSEACEqhOQMFRHbEdSEACEpCABCSg4HANSEACEpCABCRQnYCCozpiO5CABCQgAQlIQMHhGpCABCQgAQlIoDoBBUd1xHYgAQlIQAISkICCwzUgAQlIQAISkEB1AgqO6ojtQAISkIAEJCABBYdrQAISkIAEJCCB6gQUHNUR24EEJCABCUhAAgoO14AEJCABCUhAAtUJKDiqI7YDCUhAAhKQgAQUHK4BCUhAAhKQgASqE1BwVEdsBxKQgAQkIAEJKDhcAxKQgAQkIAEJVCeg4KiO2A4kIAEJSEACElBwuAYksF0ELp3k5CQ/TbJvufXvJvlFkgsm+VL5OijJGZL8qPx/uyh5txKQwMIJKDgWjtQLSmBXBK6YZJ8kp09yvSQnJrlBkrOVq/E7RMI1dnH1nyT5Zbn2Lk7/1SkfSnL5JEcn+XiSTyR5d5LjdntBz5OABLaLgIJju+bbu10dgf2SHJzkwCRXT3LJJPsnudzqhjSx51Zc9BkawuNTSbCSvCTJv/U5yWMkIIHtI6Dg2L45947rErhMEqwVbEkcUrq6apJzztktWxvHl3O+k+RjE87/ZpJPznntcYd/IcmFkhyb5Ftl/BzHOLBsHJDkCuX7rWbcz92a85+/gDF5CQlIYEAEFBwDmkxvZWkEDktyUnlAXyXJoUkuWh7GZ+k5CiwB7y0+Eh9IwrbHj5O8r+f5qzzsrEWEsL1zeJJLJTn1yIBum+StSRBLNglIQAJRcLgIJDCeANsdOFHyVn/NJGdOcr4iLvoww+qA1eDDxX8CywE/4/sQ22Mav44jivho7+8ZjeB44BBv1nuSgATmJ6DgmJ+ZZwyPwGWLKLhFkus2jpFX7ulgie8CWxpEfWClQEzg0/CR4SHqfUdfSXKeztFYOl7Z+2wPlIAEBktAwTHYqfXGJhA4V5I7lJDPexbLBVsE09o3kvxHic5g6+P9Zevjh1LeQeDBSZ7a+el/J7lSks/LSgIS2G4CCo7tnv9tuPsbJblaEvJP3CTJ6abc9PeSHJPka805by5bIieU79vAalH3yFbK/TsXOzLJ3Rd1ca8jAQlsJgEFx2bOm6OeTOBiTXQHURK8VePIed4Jh2KlQEywBfLB4uCI9cK2dwIkDCNXB1EvbWOrypDZvbP1ChLYWAIKjo2dOgfeIUBei1s3wuE3m1wQFxlD5r9KWOk7k7wryUeTfFuCVQk8urk6jqRtw48Dfw6bBCSwpQQUHFs68Rt+2xdvBMMDShgqWTlHQ1HxrSA6hO2R1/hmvZLZJg/JFzs9k5cDy5NNAhLYUgIKji2d+A28bZJoITKwZhCyOppIC78LxMXrk7xpA+9vaEN+WpIHdW4Ky9K1hnaT3o8EJNCfgIKjPyuPXD4Bwiv/pDh7XmCke/wt2CJ5S/lim8S2PgRe0YQJ36YzHATIQ9ZneI5EAhJYNgEFx7KJ2980AmdKcu2SaOs+Sfh/t1G5lPDUd5S6HaTdtq0fges08/j2kWGRjXQRKdjX724dkQQk0IuAgqMXJg+qTIBMnmSkvNmEhFuvKpVJX9SEW+IAaltvAogNREfbvjolWmi978TRSUACCyOg4FgYSi80JwHqkeCTwb7+uMiSlyc5qmTtbIuYzdmFh6+AwIuT3HGk37skQSzaJCCBLSag4NjiyV/yrWNSR1zcqSTiGu2euiOvbXI3vHBKZdQlD9nu5iDwB0n+aszxRzeZWW86x3U8VAISGCgBBcdAJ3ZNbgsrBqGQ1++Uau8OjVwYZPR8ZtkyWZNhO4w5CNw1CZlF951wDlle3zPH9TxUAhIYKAEFx0AndsW39YQk90pytjHjIHwVgcFDiIJnP1jxWO1+dwSwaLAlduCE03HoRWyaXXR3fD1LAoMjoOAY3JSu5IZuUCJLbj/BH4MQ1ueVHBmY2G2bS+B3kzx0pAz96N08KckjNvcWHbkEJFCDgIKjBtXtuCamcoqh3bCUcx+9a6qEkoTrOW6XDGJBXCXJP5Wka5NuCGH5qKYC71MGccfehAQksFACCo6F4hz0xQ4ozn+IjN+YsGfPdsmrSyKu1w2axvbcHNV22T5BWE5qhCq/JAml6W0SkIAExhJQcLgwZhGgVglF0Q4fqf7ZnvedEr6KNeNfZl3M328MgUOb3BnPnWC96t7E4xvx+eQmi+h3N+bOHKgEJLASAgqOlWBf+05vnITcCfhkjGtslyAu3lDebNf+hhxgbwJEFv1+U/julmMyvbYXIePr05vf/7WJ2Hpz9UAJbD0BBcfWL4FfA7hGkvtOERkcSD0Mtkz+XWyDI0DytXsmediMO6N2ze+NVIIdHAxvSAISWDwBBcfimW7aFcmj8NRGTOw3YeDHloRcR/qQ2bSp7TXeS5cCeUfMOJoaNmyfuG3WC6sHSUACowQUHNu5Jsj4eb+mmNZtJ9z+54tfBtaMY7YT0eDv+qrNHT6miSDCKXRa+1SxfJlPY/BLwhuUQF0CCo66fNft6vhkIDSuPmFgvL0S0ojZ3DZMAtQ5+fMmL8oFZtweAgOLxluHicG7koAElk1AwbFs4svv78xFZOAEevEx3R+X5KXFN+Ojyx+ePS6BAGHM1LDBGfgcM/pj6wRBYoK2JUyMXUhgmwgoOIY92zj3EbI4rs7Fu5I8TmvGYBcATqD3acJVH9LjDn+Y5BXFl+fjPY73EAlIQAJzE1BwzI1s7U+4cAlp/dMJI+XB8mdJcAa1DYvAGUuU0W83kUSkm5/VyBzKNtrbknx21sH+XgISkMBeCCg49kJvvc49e7FY8FY72sibQcE0wlpJ1GUbFgGSs12+FFM7/4xb+3LZQnv2HFFHF03ysyRnbSJaTi5Jvg5OQoTLiUlOk+QMnd+xjXeqJD9PQs4OfnfKJL8s1+H76ZPw+cO/aWSp/WL5/+eSsGZtEpDAgAgoODZ/MnmrpVAW6adPN3I7RJs8q2SMxGxuGw4BHtjkTUFgYtWa1j6U5I1J/jnJCU19G9LUs1auVATBQaUYG2vkQs32yiWb5F/fb3w5Tl224xAMq2iIELZ4sMIgbD5i1NQqpsE+JbAYAgqOxXBcxVUQGoiMPyxvkN0x8Kb48OYh8spVDMw+qxE4U9kuo2Lr5Wb08unG4vHtYkVASGCdOGSMKF3UYH+cBGGDBWRSw+KBgLjsyAHnK5YNrCazGhYaoqgemeTrsw729xKQwPoQUHCsz1z0HQlRBggNBMVoI2cG1o439b2Yx20EgTsU3wxq2kxrxydhO+K0Tdr5K/YQF4gDtjraRgZZfoYw+HCxfiAk+PdJ5SC2QFhnNWunnLtEVGFtObBZz+QMuWCTRh9H2LbRP4UE37MRM+ggJSCBX+2h2jaDAG+n1LggM+hoe0eSZ5TQ1s24G0c5jQBbGDh+4iMxrQIr5eBfWwTCJZotkytMuCgWDrYjEA2EvbJVwf+xFlDpFVGxCQ0urP8HNX4o+JX864wqtptwT45RAltDQMGx/lPNB+ujk1y37L13R8ze9hOSvHP9b8MR9iBwr2LJaN/sJ52CBYvtMhw58dFhq6Xb/rM8jN+e5BPFItE6Z/YYxtof8rIkt2tEGVlQ8TexSUACG0BAwbG+k3SuJC9Pcu0xQ+TN7i/NobG+k9dzZGwTXLlYMfg+qWHJYFvjqCI08IGg/s3FOif8onH4fGGS5xcrBtsiQ2xYN4i2orG1SMVamwQksAEEFBzrN0lEEPCBOq7OCWmm2Tohf4JtMwlcqmwDIDB4S5/WsGT8w4jzLzlU/qiEnXIuVo6/Lz/73mYi6T1q7vPu5ejnNE6j9+59pgdKQAIrJ6DgWPkU/HoAhCnyBotjYNeRjwNIzMTbHPvuts0jQN0SqrFS+h3L1aRGKCqiEisFtUy6jplEcvDAJU1527alVPx5yhYRfiq0F0zwZdq8leGIJbBFBBQcq59sPkwfWpI2kUCp2/DRIPxPobH6eZp3BDg3Uon1hjPql+CwiePna6Y4/V6/PHDbMWDJwK+HZG5D3Tpp75X7pKpt244sztPk5bBJQAIbREDBsbrJYuuED9J7NKnG9xkZBs5+CI33rm549jwnAfJc4F9AqCYJtaY1LBevKgKDmjY/mHIwVo27ddYI/jsk+yKp25Ab2034qRAi2zaEOT+zSUACG0hAwbH8SWO75FHla9SigZPo3zR1MMiHgBOgbb0J3L9k+bzZSI6IcaPG6ROxgJjEctWnfSUJFrC2IT5I9DbktN/UgHlskqt17psoLCxGJLSzrY4AfjNEUv1diY770uqGYs+bSEDBsdxZ4+2XSILREuH8IVMSnHBG2/oSIC8GJd5JxHVYj2Hij4G4wPlz3iqshLPiYEqj/g2Vf7GKDLXdptke+uOSe6S9R/KF3Ln4tQz1vtf9vgg7xgrL/OBH1Dasbvga2STQm4CCozeqPR+I5WK0sNobSkjk0M3je4a3ogvwAUuWyzs2fjSH9xgDlgdqluCPgTVjt1EjVPTlA57G9guOxFi9htYIC8Y6RORVt301yT0Ly6Hd8ybdzwPK1m53W0vBsUkzuGZjVXDUnxCquBLGevVOV+8ujqLv71TLrD8Se+hD4NDysCPT5/49TsASgUDA+kAiqkW0bpKuIf6N3qIpIkc9mFER99FOscFFcPQauyNw+zI/bG+Ntm81dXxe14RlP77Z5nJLZXd8t/asIX6YrdNkYhKnQifVOGmEPT6x7H8OKfPjOjGfdywIDD5gb9XkvKC0O0XxpjXM/ESVIBrfV8l5s7s2SFdOUbRNb1dprDQ8wG6Z5PIjN3N04xRLfhGdpFc7y2yf4MjeWtdGR0N2W3yIFBqrnaeN7V3BUW/qiDz5WGcfnnoWvDWzjWJbHYGzNVk7ecO+TvMgv3kS/j+t8eH6gSIy2NZYhp/N00uYdDuuTf07JSQYx9rLlCJsXc7HFv+Wlxj2vbo/hiKwKfRHBBB/D+MaQgPfM16ebBLYNYFN/SDb9Q0v6USqdb60ERy/Vfr7ZgmXJFLBtnwCWJrIZcEbNg9BkqxNahQz4wOWrRIEBqJxFe245kOemiptu1+JYFrFWObpEwsGDoU42LaWvfb8ttgcohuhYVsNAbZ3cQQlYg4n6HNOGAbF/YgYIjrKJoE9E1Bw7Bnh2At0kxWdUKIaqNJpWw6BMxfT/bWKNWPSByqjYX54AH62ESXkxFiX7QtM26yjbmMb54FrNEbGdvqy38/b8YWTHDxmil9dwoHxc/nGcpaAvYwQQATet1j0ukJ2EihCX1+vVcN1tEgCCo5F0vzfaxHVQK4FrBw0/sj/dvHdeMURAhdP8hfFkoHgmNR44JES/IMl3BJLxrq2brRKd4xYYEh9znec+JbZqExL1AzJzVjr44rOYcngYfWO4jDNm7JtuQQIvceKQf6SbpG/WaPAIZTMxt3srrPO8fcS6EVAwdELU++D8Acg5wKOfrQnl/oZvS/ggb0J8OCjeBcm/G6SqNELkMOCBx8PaGrSrLPAGHfz4ywd3ePwMeGLezymOLLi2LrIRnVatqRw9pxUcI4+CQnG8ZOHFtuItuUSuHWSmzbrHMveOEvTtNEQivyIxkr1ouUO2d62iYCCY7Gz3c218ZniMHryYrvY6quxNULSLd6sccAd1/DBYOuBhx9bJJ8cADEcXNle4Xvf9uJS0p7vp2oSh80jQshuSpE4BAY+Lxed0ClROmQBZbvQCsZ9Z2bvx+GDxNxgZbpmkjMU0Y0In7exhUi6eH1q5iXn8XMTUHDMjWziCfzx8wFMw6TMQ5E3TtveCGCyx2GSSqGt5Wj0iu8p1gt8Mfj3UBsJyDCTzyM8WhZsv5CYDOGB3wpbHu12DJY5Ulbzdow1Y98JAD/XsaKQRdX1vZyVdkhJcU+SND5XiCrZS2MN4E/zpCbnDOnzbRJYCgEFx2Iw4+1N0qeLlMttSkTBYu5+sVfhYYeDGywnJd/irYxU4YSPbmslXUJ779QkHSN3Avv108reT5ohMqHytjxa06c9nt+TnA4hTZXWLyx2qr3aBAJYmBCX+CUhAsdl+pwHHlY/IuSw/GGFXbbfzzxj9dgBE1BwLGZyqQHxuHIp/qi7WUUX08Owr4IPBpVWSSU+zh8DMYcPBqGi7DHrH7BzPSA8yNzJPv5oYq15Vg/bIy8ojs+m3J+H3O6PJfkcfhf4ybCFNcnCNE8PbCXi18OW11HznOixEqhFQMGxd7KIi7bOBRkiCTkzE99krryt8XDEdP/gkYJQ3bOIJEG8YbrHF8M2ncB+ZU+fnCOwRbgRpjpvQ/RpZp+X2nzHY8Hgb4CMnmxlLaJhxSBjK8UCqeOjKF8EVa+xUAIKjr3jxFTJBzyN+hDP2/slB3UFskyyPUKeBrYBzjLh7siDQXQDfhgk2yK6xDaeAL4s+LZQ/Iy1x9dZZ8A6sfhvwJUU+78o5vruaWydkILctlgCiEBCU/HFOCIJFo29NEK6yXjL3wlZcM1evBeanrs0AgqOvaFmG4XtFBppf6nH8fO9XXLjz+aBxcMQFteecjdvLrkwEGwkhrL9HwGiDWDIg+kHJcSR/XycBRFsRCVMazAlSooHEv/Gz2Xcvv0BRaggBlm3blctZhViwbhG2drCyZNIkt00nHux9PEdvyW2FD+9mwt5jgTWgYCCY/ezQOpmTJeEavJBwP459SG2rV231GEgdHJS+CRMSLj1zOKEyMPw+G0DNeZ+eSghIn5cHAThh9CYVd+lvRRRI3whKKi02kaRiHa5BJgzwogRFwhutrfmaWwd4pz73SIosGDoPzMPQY/dCAIKjt1NE2+YvKHjv/HTUm2UCqJDbzizkQeDNzbCgCcJDB58OHrif8HDkA9QHqrb1hCltMuVAmatTwU/P3AOGFgnEBSwZOuJt91tjc6ZA1u1QxGEDygWPAT3PI2/BYQFYakkSTO0eB56HrvRBBQcu5u+bq2UZzdv7/fZ3WU24iyEBZUk8RHAV2BcXZI2dBJzLw/DNh/JRtzgLgfJQwfBhRNsK7wQoIRIIyzYApmn4fTXWsjgiUUIljyQ8L+wrY4AqfIf1VQMPqz8Dew/x1CwXrRFACl5QEZPmwS2koCCY/5px2SKdYN9dh6wOPBRen5oDSc3anm0b+nd+8PpkHC755dIkqF8iCIcyGlBwyrBHLeiAiFBfRzCF5nvM+5ywhETWHuwArEVh6UCPwtzI+wSaKXTiB65yy5C3MlVgrUTocG8GrFWaYK87OYRUHDMN2e86SA22LMlKRIfSENN6fzwJinUE+fAg3mYyqFEPxAezAMVQQYz/s/D+qSS7RLfFxJVcWz7RQp4zucYjufnNH72s+LUyEO/65Tb/ptrt/3ys6+XPfU2coNr8kAnU2Ob44A++D1vrYtsOGqS0ZMvxAT/x0KBz8oXF9mR11ooAbZGyOJKYbppxf9GO+0WASTvBdEjNglIYAwBBcd8y+KxzYPtT5PwcHxWSVY13xU252i2Ugi3a9/4N2fkdUaKVQLrBI0tI/7/7VIMDkHD2+yP6nTtVSsQwBfpRmWLkGyefRvbIrxk4FNj+HZfah4ngSQKjv7LgOyNZGHkbZqKo/yfN+8hN6wB+G3gdU8+DSwMbcOHYXS7hXwbhARuQmNLCCsHje/UYGnns/sgIQkW1hrbZhMgIohQbSwZbd6cPneEkGSLhL99BOcQt0/7cPAYCeyZgIKjH8J9iuMXYW8kTsI50Hj4fuzYfmJbZLThbDmvY+WsHhEObO0QOdRt/H/IRd1mcdnG3+ODw98r4oLEW30SmmG1IpEWW2EkoXvbNoLzniVQi4CCox9ZfDWoL4GfwL2TPLffaR4lAQksgQA+F4QZ36CkDKeeTJ9cJvhbkFiL71gv3riEsdqFBLaWgIJj9tQTpcDbMR9gFBDjQw0fDpsEJLAaAjj7tplX2SrB0XOcFW10dESQED1CbR58MdwqW8382euWElBwzJ540j1TBpyoA5zLMNnbJCCB5RG4TokMIysrvlMH9eiaUG18rfh7JbIMHwybBCSwQgIKjunwidTgbeg0jbPYw5qQyievcK7sWgLbQIBaMTcp2WzxleoTtky9GSKqiBwhJTihqoYgb8Nq8R43ioCCY/p0YX7F8ezjJY0xVg6bBCSwGAIkVrtaqXqLuGd7hEinWQ3LRZvqnSgSvkgXbpOABNaYgIJj8uSQJIoKsDQKM2GWtUlAAnsjcOcklygiA0sGFo1pjZTvbIewNcIXzp3mO9nbHHi2BFZCQMExGTtvTYTUvbT4cLQ5G1YyUXYqgQ0kQJ4WnK5vnuTQJKTLp/DhtEYNGcJRcdAmV4rh5xs48Q5ZAuMIKDjGrwvMvLxV8SZ1u8ZR7fUuHwlIYCYBsnfyt3NwsWLMqojbZm+lTMBrivXikzN78QAJSGAjCSg4xk/b85qiS3ct5dUJg7VJQAL/nwCJtMjaecEmGuSIUpdmFiMExj8m+WxJD3/0rBP8vQQkMBwCCo6dc0k8P/vGp2uqebLfzJaKTQLbTgB/i98pVXLZKpllvYAX1grqjpD/AqHB35VNAhLYUgIKjp0TT64NQuzIKnpAkm9u6drwtreTAH5LOEwTMYKzNFV2z9kDBcnxTig+F/hemBa8BzQPkcA2EVBw7JztJyR5RJPJ8Kgkt9+mxeC9bh2B8zV5Zq5fkmqRUIvQ1D6NarmEiBPFdWwJG6dyrk0CEpDARAIKjp1oMAHfoqmM+rhSit7lI4EhEKDaLwXNCEnFsfOQJNQgmdaIGCFKhK0RUoFj7fhQku8PAYj3IAEJLJeAgmMnb97YLtkUdLp7s0995HKnw94ksGcCOHGyLUIacNYxwuJCM65KlAiJtKiqS7I7vkh2R3pwmwQkIIGFEFBw7MT4pSQXaEzFt2k+rF+1EMpeRAJ1CFBQ8PBiuUBkYMU445SuSAH+lU76b6wVZO00DXid+fGqEpBAh4CCY+dywHyM2ZkS1+QGsElgHQjsn+QepcYI4yEsdb8pAyPVN4KCuiKfKlsjFh5ch5l0DBLYUgIKjp0T/5ZSgv6RSXAgtUlg2QQovX7aUr8Hp85Tl4Jmk8bBlkib9huHTkTG15c9aPuTgAQkMI2AgmMnnac0haAeUjzwSclsk0BNAtQSwdcCqxrbI+coTp2T+jy+SUrHth9f+FqQERe/I5sEJCCBtSag4Ng5PTdqKsS+KcnPkhA2iGe+TQJ7JXD2JtQay8UVkpynSZdPGCo+F/x8WiO/BblgsLzxRZZOmwQkIIGNI6Dg2Dllp0ryuSQHNTUhXlyyjW7cxDrgpRNAOGCp2KckzSKrJmnx2Q4hBfisEFQGfExJnvXG4ndBAUEcPW0SkIAENp6AgmP8FD66+fFjSpggYYWf3/iZ9gbmIXBYSWyFeDhvsUbgJ7FvsXpdKgl/O2TjPKlUQJ1VBXW0f7ZDyHGBuMW5k20Rw1DnmSWPlYAENoqAgmPydH2gmL8JGeRNlXoQu23sz/MQO00xp5PR8YdJzp2EhxcOgpjN+c6bMG/Hv0xCZAIVazmWEMhTljdesjoeV96meeCx/cObNNfnIcm88vXzMuATk3ys/I7f09rv3WPfX/rlZ+3v6ROrD9diHDglrrqRVwKLAvfdjp9xwgwfCJgy/p+UYyiRTgVTjkU4cD+cT64KMmYiJGDP9tmFF3RzrBtSfZ/cJJLL7jWXAAADpUlEQVTDUoET50dKGKrp8hcE2ctIQAKbQ0DBMXmuKE6F6OChj1n7ZY1AeHZ5eIyexUOKhxb78zzosIpcOclFysOtjzm9vSYVNXEIRKSsY0PszPI7aMfNFgFiBzbUpkEQ8IU4QijxMx7IMOPtngJhHLuODdHQZthEfBEJgqChIS5w5qQhJiyxvo4z6JgkIIGVElBwTMd/sSbXwdOakMMbdw7jgYIIofHGT5uWbAkBQcgilgEyOX6tqdHymXIeDzHeuPs2UlPPEi8UnOOhzVbAuIYl4FzlIY9Q6q4BLC5UyUUUkONhWp6HvmNe5XFdkcA4EDjj/CJGRQJCwpwVq5w5+5aABAZHQMHRb0qv1/hx3KlsrZx/zCmYyhEOrYBAUPDAGloGR7JZEsY5qbHtQ+nyRTYsB9M44l/z5UV26LUkIAEJSGDxBBQci2fqFSUgAQlIQAISGCGg4HBJSEACEpCABCRQnYCCozpiO5CABCQgAQlIQMHhGpCABCQgAQlIoDoBBUd1xHYgAQlIQAISkICCwzUgAQlIQAISkEB1AgqO6ojtQAISkIAEJCABBYdrQAISkIAEJCCB6gQUHNUR24EEJCABCUhAAgoO14AEJCABCUhAAtUJKDiqI7YDCUhAAhKQgAQUHK4BCUhAAhKQgASqE1BwVEdsBxKQgAQkIAEJKDhcAxKQgAQkIAEJVCeg4KiO2A4kIAEJSEACElBwuAYkIAEJSEACEqhOQMFRHbEdSEACEpCABCSg4HANSEACEpCABCRQnYCCozpiO5CABCQgAQlIQMHhGpCABCQgAQlIoDoBBUd1xHYgAQlIQAISkICCwzUgAQlIQAISkEB1AgqO6ojtQAISkIAEJCABBYdrQAISkIAEJCCB6gQUHNUR24EEJCABCUhAAgoO14AEJCABCUhAAtUJKDiqI7YDCUhAAhKQgAQUHK4BCUhAAhKQgASqE1BwVEdsBxKQgAQkIAEJKDhcAxKQgAQkIAEJVCeg4KiO2A4kIAEJSEACElBwuAYkIAEJSEACEqhOQMFRHbEdSEACEpCABCSg4HANSEACEpCABCRQnYCCozpiO5CABCQgAQlIQMHhGpCABCQgAQlIoDoBBUd1xHYgAQlIQAISkICCwzUgAQlIQAISkEB1AgqO6ojtQAISkIAEJCABBYdrQAISkIAEJCCB6gQUHNUR24EEJCABCUhAAgoO14AEJCABCUhAAtUJKDiqI7YDCUhAAhKQgAT+BxBRiRWvq823AAAAAElFTkSuQmCC', '2025-07-28 07:42:27.771+00', 'JHB', 'Seller3 Oy', 'sole_proprietor', NULL, NULL, NULL, 'https://wtfnnkrmvpmmsvciejmv.supabase.co/storage/v1/object/public/documents/brand-photo_970fe15e-4cf4-46f0-b66a-805cef1abace_1753688532782.jpeg', 'https://wtfnnkrmvpmmsvciejmv.supabase.co/storage/v1/object/public/livestock_affidavits/affidavit_970fe15e-4cf4-46f0-b66a-805cef1abace_1753688527174.jpeg', NULL, NULL, NULL, NULL, NULL, NULL, NULL),
	('a8600d90-c230-4cf7-a870-4f941cbfd1e2', 'seller4@seller4.com', 'Seller4', 'Seller4', 'seller', 'approved', 'en', NULL, NULL, NULL, NULL, NULL, NULL, NULL, NULL, NULL, '2025-07-28 07:43:43.819515+00', '2025-07-28 07:44:46.378155+00', true, '2025-07-28 07:44:29.159+00', NULL, 'sole_proprietor', true, true, true, true, true, true, true, true, true, 'data:image/png;base64,iVBORw0KGgoAAAANSUhEUgAAAhwAAADYCAYAAACgGDr3AAAAAXNSR0IArs4c6QAAIABJREFUeF7tnQn4deW4xm+F02ysFBpliNKgVJRCaZCEEhVHSsKRRJmHMg8hxHHkhKOUUBEdU5mjJCVpQEWUNGpyTOe9r/PszrKs/f+vPbx7r+H3XNe+vu9rr/UOv3e1973f9xnuJAwCEIAABCAAAQhkJnCnzO3TPAQgAAEIQAACEBCCg4cAAhCAAAQgAIHsBBAc2RHTAQQgAAEIQAACCA6eAQhAAAIQgAAEshNAcGRHTAcQgAAEIAABCCA4eAYgAAEIQAACEMhOAMGRHTEdQAACEIAABCCA4OAZgAAEIAABCEAgOwEER3bEdAABCEAAAhCAAIKDZwACEIAABCAAgewEEBzZEdMBBCAAAQhAAAIIDp4BCEAAAhCAAASyE0BwZEdMBxCAAAQgAAEIIDh4BiAAAQhAAAIQyE4AwZEdMR1AAAIQgAAEIIDg4BmAAAQgAAEIQCA7AQRHdsR0AAEIQAACEIAAgoNnAAIQgAAEIACB7AQQHNkR0wEEIAABCEAAAggOngEIQAACEIAABLITQHBkR0wHEIAABCAAAQggOHgGIAABCEAAAhDITgDBkR0xHUAAAhCAAAQggODgGYAABCAAAQhAIDsBBEd2xHQAAQhAAAIQgACCg2cAAhCAAAQgAIHsBBAc2RHTAQQgAAEIQAACCA6eAQhAAAIQgAAEshNAcGRHTAcQgAAEIAABCCA4eAYgAAEIQAACEMhOAMGRHTEdQAACEIAABCCA4OAZgAAEIAABCEAgOwEER3bEdAABCEAAAhCAAIKDZwACEIAABCAAgewEEBzZEdMBBCAAAQhAAAIIDp4BCEAAAhCAAASyE0BwZEdMBxCAAAQgAAEIIDh4BiAAAQhAAAIQyE4AwZEdMR1AAAIQgAAEIIDg4BmAAAQgAAEIQCA7AQRHdsR0AAEIQAACEIAAgoNnAAIQgAAEIACB7AQQHNkR0wEEIAABCEAAAggOngEIQAACEIAABLITQHBkR0wHEIAABCAAAQggOHgGIAABCExOYA1Jy0v6myR/rt5b0hmTN0sLEOgOAQRHd9aSmUAAArMhcHdJ+0naRNK2kpaTdOeKri+TdIqkA2czLHqBQLMJIDiavT6MDgIQmD+BJSXtLGmXeN1jxCF5p2ObEe/hcgh0jgCCo3NLyoQgAIEJCdxf0lqxe/FYSZuX2vu7pK9L+oGk8yVdLekSSX+QtJSk+0laMV4nxL3vkvTyCcfF7RBoNQEER6uXj8FDAAJjEnhIOuq4XtKqkh4df64eIsO+GHcttHtr+GN8JR2jnCrp0hH6/K6kLSTdHD4eI9zKpRDoFgEER7fWk9lAAAL/T2CZ5EOxUbz+FLsWG0raVNLdKkDdIMm7F961OFfSBZLOlnTOmFDt63GtpCWiXf/7pjHb4jYItJ4AgqP1S8gEINBrAj7C2FrSAyUtLemRsaNwuyTvWFTZHwsi4nJJF8XxiAXGVVOkuUMSN1+K9v4nIlfcNwaBXhJAcPRy2Zk0BFpDYFlJD5LkIxD7RTw0vrj975UkLeTAeXFy9vyRJP/pnYuzJP0kRZhcOaPZ22/j4OjrdEn2B8Eg0FsCCI7eLj0Th0BjCGwmyUcd95Q0OAaxmLCo8K7FQvbb2J04T5J3Nb6fIkK+2ZCZ+Vjm4TGW16bQ2Tc1ZFwMAwJzIYDgmAt2OoVArwg8InJVbCnpvpLWieRYdUJF7dhpMfFrSb+Q9CtJPgZxjgu/mmr3iqiVwfi2kvTtpg6WcUFgFgQQHLOgTB8Q6DYBZ9VcWdKOkuycaafMFSJ3hUNF/f5C9h1Jfw2/Cjtu/lDSdfFnW8ntnnZojo/Bm4mPhjxHDAK9JYDg6O3SM3EIjETAeSnWk/QwSevHTsWjarbgSI9bYofil3EE8pfYubCw6KIdlfJzHBATczjtE7o4SeYEgVEIIDhGocW1EOg2gXVjp8JHIM5PYWdNCwwnwlrIHNnx83DKdM4KJ8GyY+bg+KPb1Kpn58gXR87YXp3yeryljxCYMwSKBBAcPA8Q6B8B71TYf8L//zuk1H+/SzhsDqPhkFFn1HR2TQsM+1X4iAC/hH8m9oAQXYN3LOAcLYNBoNcEEBy9Xn4m32ECq8XRh9Nse4fC2S4dMeG8FcMiPxw26jwRFhX2pfC/r5H00w5zyjG1w5IYc1SKzU6vjr7BINB7AgiO3j8CAGg5AftT+OU8E2tKcoipX46SGGbelXDKbYeRWlQ4jNQ+FtjkBLxT5OMk5wyx+SjFRyoYBHpPAMHR+0cAAC0hYJ8K56ZweOXAx8LCwtEPVXZmRHn4F7YjRfxvO29ieQm8QtJbo4u/hRj0cRQGgd4TQHD0/hEAQIMIOD+FjzScq8IVSgdVS+1jYWHh45CiOemVv8x8BGJ/CueqsG+Fdy2w2RNYO9gPsp9+Nh1HPW32w6BHCDSTAIKjmevCqLpJwKLBX0rOUbFxHGn4396x2GBImm5XGf1zFBRzWu4rYqfCuxV+D2sOAecTGYQKWwC6Cq13ljAIQCC81AEBAQhMRsBiwbsPdg50rQ/7U9gx0wmwbJtI8vb6KjW6cTSDQ0x/Fkci3sH4XY37uGS+BI6QdFBhCMekjKjPme+Q6B0CzSLADkez1oPRzJ+A8074SMNlxC0QXH3UmSKdX2K7KDW+ZPx6HWe0LlfuX70OLf1NHIH4GMROmwiLcYjO/54XJCfRDxaG4Rwcjgjyc4NBAAJBAMHBo9AnAt51cHIr7zw4XHSJlEficeFU6VLik1qx7Lm/bFxIzDsbjgjxFruPROzEiXWHwK7JMfRzhek4V4mrwnqHCoMABAoEEBw8Dl0m4ARMe4XAsMiw4HA10lHNQsF5KW6U5AqgPjJxATE7aXpnwmGQ9q3A+kXg+Skz64cKU/aO1SEpQ+tx/cLAbCFQjwCCox4nrmoHAW9j7xQ1LCwsFku45GgOi4bzY/vbjph20HSdD//deSowCFQR2CdFER1deMNHcLulBGuum4JBAAIVBBAcPBZtJuDkStuGb4WLY92nYjL2vbAjput7uHCYhYRFBlvebV75+Y69vLPh0bhQ24fnOyx6h0CzCSA4mr0+jO4fCTis9EXJ0fIphQiQMiNXH/1ivJynwv4TGASmRcC7Gt7dGJh9ciw2BqXop9UP7UCgcwQQHJ1b0k5O6ElxNu5sm07fXTbnP/hqSul9WoSSdhICk5o7gSMl/VthFBa3z005VE6a+8gYAARaQADB0YJF6uEQndNi+8jSuGfF/O24+Y14uQ4ICbB6+JDMeMpfjmeyuLPhPBsnz3gcdAeB1hJAcLR26To5cPtkuNDVgRWzs++FxcUX4s9OAmBSjSTwNkmHFkbmY5T9JDl1OQYBCNQkgOCoCYrLshJw6XR/oPvopGhOoGQfjPdHOGrWQdA4BEoEHOXksNfdC//dydm2lPQLaEEAAqMRQHCMxourp0fA5dNfmD6495bkfBlFOzWFtPq8nBDD6fGmpdEI2FfIQtdh1gNz6Kszzzr1PAYBCIxIAMExIjAun5iAw1idCvrJFSLDzp92wOMDfWLMNDABAVftdQXeQdVXN+WQ6l2SX9FPJ2iXWyHQawIIjl4v/8wm73Ti9u632HB11KK9I35JOksjBoF5E3AtHacqt+gYmHO4eKfDf2IQgMCYBBAcY4LjtkUJLBchg44ycbXUovnX4qfTh/qnSMC1KEcumB2BrSocku2r4bT4DoHFIACBCQggOCaAx62VBB6Yao28XtIzS+/eFsm4nI3RIa0YBJpE4OB4bpcvDOqUeI5dLweDAAQmJIDgmBAgt99B4OmpkNnLU9jqxhVM7JfxmlRr4gJ4QaBhBO4t6YhwXi4O7d0pv8vLGjZWhgOBVhNAcLR6+Rox+O1SFdWDSkmRPLBrJB0l6T+immojBssgIFAg4N24z0uyj1HR3p4K970CUhCAwHQJIDimy7NPre2RKqy+MjnYrV+atP0zXivp2D7BYK6tI/DUyLHhZHMDc0Iv79Q5TT4GAQhMmQCCY8pAO97cylGC2zsaa5Xm6uqr/mX4iY4zYHrtJ2BBfFhpGmemcGyL6MvbPz1mAIFmEkBwNHNdmjaqFSS9JHnqvziFsDphV9H8Qf3mcAht2rgZDwSKBFaKhHLexSiaj/38bN8OLghAIB8BBEc+tl1oefUQEzuWkiB5bhdHptCvdWGizKHzBCwyHIpdNAsMO4Z+sPOzZ4IQaAABBEcDFqGBQ1gvokqKNSQGw3TacXv1f49fhA1cOYZUJrB5JJYrR09dFdlunVEUgwAEZkAAwTEDyC3qwt76L42EXeVhnxUF1k5v0XwYar8J+KjvgIrdOeeJKftw9JsUs4fADAggOGYAuQVdLBsOny6mVjbvZLwvhQ6e0IJ5MEQImMBGko5OdXk2KOFwwrm3SuIYkOcEAnMggOCYA/SGdenQ1rdUjOmKON/+TMPGy3AgMIyAhbN3NQ4sXXBr5NVw9VcMAhCYEwEEx5zAN6Bb5yGwL8ZqpbH8MSJS7GDnD2oMAm0gsJek90hy5tCinSxpX0l/aMMkGCMEukwAwdHl1a2em0NcX53ExCGlt/2BbG99i5Cb+oeFGbeUwPaS3pYyhj68NP4zokIx5eRburAMu3sEEBzdW9OFZvQMSa+S5BLcRfOHsiNSLuwXDmbbYgJOQveicHJepjAPHwU6sRcJ6Fq8uAy9mwQQHN1c16pZfSTVNNmv9MbN8d/K+Qn6Q4WZtpGAo0ycqOuehcHfKMkF1+zgzA5dG1eVMXeeAIKj80usJ0UegrKvxo8kecfjku4jYIYdIbBlHPs5T0zRTozdjqs7Mk+mAYFOEkBwdHJZ75jU6yS9sTTFWyTtL+lT3Z46s+sQAVd1dfrxrUpz+mI832d3aK5MBQKdJYDg6ObSugKmS8M/rTS9iyQ5OuWCbk6bWXWMgB1BD5e0c2leTkJnR9HPdWy+TAcCnSaA4Oje8vrXoH/5rVOamh3p3ptya9hvA4NA0wlYUBxaGqSPAe0o6oKBGAQg0DICCI6WLdgiw90tzri9wzGwG6KkPNkVu7XWXZ3N2pK+LWmVwgR/G6Hcx3R10swLAn0ggODoziq/QZK994t2XhyhXNqdaTKTjhKwQ+hLJD2lNL93xvHJdR2dN9OCQG8IIDi6sdRO5PWm0lS+IGlvSQ4XxCDQVAIPlvS8lAPG5eNXLQzyk+G/QRRVU1eOcUFgRAIIjhGBNfByl4vfsTSu10RNiQYOlyFB4A4CTkfuKKq1Ckzsp/FsHJt5SiDQPQIIjvauqWtGnCZp49IU/AHu4xUMAk0l4Ky2Lhhof42BeSfDTqKfb+qgGRcEIDAZAQTHZPzmdberYp4jyREpA7Nz6GFRwGpe46JfCCxE4PGS7JNRLBtv3wxXcXWG0OvBBwEIdJcAgqN9a+vcBC4ZXw57dbigi69hEGgagQeFEN6hNLAPRxFBVyjGIACBjhNAcLRrgTeRdIKkNQrDvjYc7r7erqkw2h4QcApy7148pjRX54lxXphze8CAKUIAAkEAwdGeR+FRkVlxpcKQfe7tMvMntWcajLQHBOybYcdlh7iuUJivn9MPSEIc9+AhYIoQKBNAcLTjmfCZt6NRimGDTobkcEL/dwwCTSBw/4iOcjh20S6OHBtfbsIgGQMEIDAfAgiO+XAfpdf1Jf2kdMMvInvoj0dpiGshkImA/Yk+ImnrUvt+Pu3IzA5cJvA0C4E2EUBwNHu1tgifjfsWhnlhVHt1+mcMAvMksIekV6RQVjsyF80Zbh2eTXG1ea4OfUOgYQQQHA1bkMJwNo1fhsWaEldK2lDSNc0dNiPrOAGLX1chfr4kZwktmlPoO+utHZsxCEAAAv9AAMHRzAfCW9Onl4bmHQ1nYPxVM4fMqDpOwDlf7DN0cMU8/ztCsveU5FwbLhS4T3JovrXjTJgeBCAwAgEExwiwZnSpfz26jsRShf6c7tn//bIZjYFuIDAgcJCkfdOuxbolJLdJOlrSR2PH7b8kbVO4xs/rZ8EIAQhAYEAAwdGsZ2G/FEZ4hKTlCsOyw2gxM2OzRsxoukhgF0lPlLSzpJVLE/SxiasSnyLpZkk++vtGyiDq7LdF203SiV2Ew5wgAIHxCCA4xuOW464nxS9G10gZ2Hcl7UTF1xy4abNEwKJ2u5SM68mSNi+9d1Oq2ePqw+9NQuTswnsbRdbbYvE173xYjPxrcii9HcoQgAAE2OFo1jNgsXFyaUhfleQoANeawCCQi8AzJT1V0vaSlil1YnHx8XiV04/7nvIOhoXJpyOKKtd4aRcCEGgpAXY45r9wzsh4eGkYTublKIDfzH94jKCDBLyT4bo7D6iY20WRDdQhrU4uV2VO7PWJijfsNHpsB3kxJQhAYAoEEBxTgDhBEy9PvyrfUbrf9SUeLemWCdrlVgiUCTinyyslbZYERfHYztf5WXPirk8lvw07KA+zuySfjg9Jem7FBc9JNX6OATsEIACBYQQQHPN7NryV7Q/4onlnw856GASmQeDukl4g6VmSXLG1aD6q+44kV2ytk3LcNXx87a6ldnzUYr8PO45iEIAABIYSQHDM5+HYPz68i737A/tx8xkOvXaMgKuzHhBVhMtT+2lUcPWORl3z58Rp4VRavOd30QdZb+uS5DoI9JgAgmP2i18WG97O9k6H/zsGgXEJPEzSi2IHolhR2O15J+Nj4eRZdv5crL97RYHAR5YutH+HU5r/YbEGeB8CEICACSA4ZvscOOWz8xMMzGGDx0VWxtmOhN66QGATSXul44ytKnK1uMCfE285Idf5Y07WxzBfSg6ixbBXN+UIKme99Q4HBgEIQKAWAQRHLUxTuehlKTnSO0stHSnpwKm0TiN9IbCapKek3CzOAOq/F81hqfbHcATKpMccj41aPsuX+vhZHP1d1RfgzBMCEJgOAQTHdDgu1soTJH1R0p0LFx4feTYWu5f3IWAC9u9xGvE1Sjic7fPMKJj2GUk3TAFXVai2m/1mJKIjgmoKkGkCAn0jgODIv+LrSTpD0j2jq79FrgJnYvxr/u7poaUE1pS0YyTkqopcuiJ2zCxCppXR01Et3ok7tCSOjdB5N1xT5c8t5cmwIQCBORNAcORfgPPSWbpFh+3vUUnT5+6/z981PbSIwP0lOaHWlrGLUS797qm4UrB3H+wEasExTbtbiApnvS3bIam+z7vi+Z1mn7QFAQj0iACCI+9il3NtOPfBhhm+LPLOgtZzEHh65MZ4VEW46aA/71w4XNp+GV+RdHGOgYTIOT1lvF2y1L53M7zjYV+jxcxHPd6RcYTM6lGa3iXt7yPpW3Gzd/p87INBAAI9JIDgyLvo54TAcC/+8nDoa1VK6LyjoPV5EvDOgb+AXXXVCbIsQn10Mcy+H8LCqcW/Fl/cOcfvzKFOo18278A5omogFgbvO2LFfiL2R3JSsRWTIHLI7MYjDNLZTB2e+25JLlB4/Qj3cikEINBSAgiOfAu3TukXqX+luvKrj1Ww7hJYTtLu6YvaUR6uuuo8FhYdw+ystMPw9ZRA68Io4HfjjNA4TbmrurpoW9mcXn+HGL/ToFtkOATXrxXiYj/H0/j8uCZ8nLzz4aMiQm1n9ADQDQRmTWAaHxizHnNb+ivXSXH9CSdfwrpFwLVJXPvmEZKc4dNHCMPssohWujJEhsXGPMxj9c7F0qXOLSKulmQxYqE0qvnIxOYKs77fYsY8/jTiDohzhzgj6g/i+PGXow6E6yEAgeYRQHDkWxMnTPKvxIGtkrauyV2Qj/csWv6X+OJ0Rs+HSlp/gU4dOuovdftG+AjBa+8cFvOyJVKmUWcj3UfSCyuiUEYZlx2h7U/i3QiLC8/PRyverRhmft/MbD6KKSbAW6xvt/v56O+CdK9f82S52Hh5HwIQqCCA4Mj3WPgD8SHR/OUV+RPy9UzL0yJgB0j7JviL2gna7rtAw17vH8evch8N+O85zX4gS6Vqw8tIspjwsYfHafNOhY9zfJRz14iScgrycgG3hcZ3W/I58dGKdzwsnCwy7Gthv6Rp2RsiMqecybRO+xY5fnlMzkPi3RCOY+qQ4xoIzIkAgiMPeHO1U9yy0bw/rF13AmsmAUdneLfCESP2vfGRg7+8B/4K5VHbAfg3cSzivztE1REdbsdrX3z5eOIvURbe4mCQ/M05WCwU/OfAH8Jt+N/O1eL/5j8HkR4eg9v1+27PYbTTMtdF8TNqgfHz2EE4e1qN12jHux8vjh3BUZxPy00fFbs3NbrkEghAYNYEEBx5iPtLxb+87EBoc+2J7fJ0RasjEvAzv4EkZ3+1qPBOQJ1f2P6SL2aKHbHbRl7uGivO+zErR9W6EHz8aL+YLWKttq55o49eyoXrat7KZRCAQG4CCI48hO2Md2uhaUcD7JKnK1pdgMCqEZJqQfEcSWt38GjLuxOXBAM7Wtq3wrsVNiece50kR5oU7drIh+ES9m0wj9+hxTvHrtOmcbxVTvNup9Vt2jAhxgiBPhJAcORZdTsXFtNNO/eGq2tieQnskfwW3hM5L9xTG55vF1yr8vdwrgsfcQzMv97tLOnnyj4Li9krk//GW4Zc9NR0hOQ8H223dVNIrXc/BrsaPgZyzSIMAhBoIIE2fCA3ENuiQ/LWu78gBgmenCXSW/hYPgL2h3Ahs3Ko5yg9+n6XdXeFVDsg+hjF5uOxn5Qaso+OnRaHmY8pcjuODuu7HCE1uM5j2jUiZ0bhwrUQgAAEJiaA4JgYYWUD3uHwL1dHCNicMXLbPF3RahDws+xdgSpHTztf+pjBX7iXRk0S7x44dHWewmDai+fcF06gVXWsYCdX5wkhp8W0qdMeBCBQiwCCoxamkS8qH6k4y6jrTGB5Cfic/+Dwn3H+C+8yTTOMM+/oJ2vduzI+UnBUS9nsQ/S8CHGdrBfuhgAEIDAmAQTHmOAWua3sNHpq+jKoKjGep3da7RsBJ9RyYiyH9Jbt7VGzZKGkXH3jxXwhAIE5EEBw5IHuhEw+UnEOBtvxKb+BHRoxCEybgJPLDcu6+fqU6+OwaXdIexCAAATGIYDgGIfa4vd4e9uCY2DHRFjm4ndyBQTqE7AjsiOgqnJP7JuSgx1dvymuhAAEIJCXAIIjD9/7Sfp1oemPRGn6PL3Rah8J7JeioN4bqc3L87cQcWQUBgEIQKAxBBAceZbC2Su/V2jaNSPemKcrWu0hAT9LTuhVNicBc3KsvjjK9nDpmTIE2ksAwZFn7Vwl1rkQBra3JJfcxiAwCQGH/DqxmSu+lu0kSd71cJE2DAIQgEDjCCA48izJQSkfxBGFpncqCZA8vdJqlwn4mO7YqH1Snid5Xrq88swNAh0hgODIs5CHpyyVryk07aRf/lLAIDAOAVextdhYreLmI1Mm1APHaZR7IAABCMySAIIjD20nnSpWuIRzHs59aPXQEK+DysODOV8n6Rk4h/bhEWCOEOgGAb4I86zjCanQ1m7R9GWS1szTDa12mMADUpXXDwypweOqqC7AZtGBQQACEGgFAQRHnmVihyMP1z606p0MR6C4unBVfo13SPKuBwYBCECgVQQQHHmWC8GRh2vXW90/Zad9syQXYSubQ173TEd13t3AIAABCLSOAIIjz5K9QNIHC037lyq1LPKw7kKre6VJOFfL2hWT+b2kE8OP4/ouTJY5QAAC/SSA4Miz7itK8hfFwEj8lYdz21vdIFW2PSScP8tzuTZFpXws8rec1/aJMn4IQAACCI58z0DRcfSXkjZjlyMf7Ja1/ODkn3GUpG0qxn2rpP9MKcvtq3FFy+bFcCEAAQgMJYDgyPdwOErFomNgu0v6TL7uaLkFBJyB9q2plPzDhwiN4yR9jiRxLVhJhggBCIxMAMExMrKRbvh3Sc+LO/4YXzS/GqkFLu4CgedGOvItKiZjZ1AX9/OzclUXJsscIAABCFQRQHDkfy78JbJydPPNUkKw/L3TwzwJHBD5Mh5XGsTfJTk/y2GSjpnnAOkbAhCAwKwIIDjyk/6kJEchDOylUYArf8/0MA8CyyZfnRdKeknatVilYgAuG++y8l+ex+DoEwIQgMC8CCA48pN3hc9vlc7tXRPj1/m7pocZEnhoiIx9K/q8Jfx53iTJDsQYBCAAgd4RQHDMZsk3iuJt94juzo0IhRtm0z29ZCSwYxRP266iDx+nHR0+GkScZFwEmoYABJpPAMExuzUqJwP7niRXAcXaSeCZkl6VIo+8s1E2iwuHvdo/4+p2To9RQwACEJguAQTHdHku1pqjEfYrXOTz/CdK+vNiN/J+Iwi4oJqjjlw4ba2KEX0//HMIf27EcjEICECgSQQQHLNdjTuHs+DjC906m+SBkm6e7VDobQQCXi+LjOcPuedkSe+W9O0R2uRSCEAAAr0igOCY/XI7csG/gIvHKXYqfZaky2c/HHocQmDp2I3aW9IjKq5xbRyLxeMl/RiKEIAABCCwMAEEx3yeEJcgPyn9Ii7mZ7g9OZY+WtKP5jMkeg0Cy0ehNIe2OsS1bI4uek+kH8fpl8cGAhCAQE0CCI6aoDJctmSqDuocHU9LJcnvEu07IdQb45WhS5pcgIB3MezY+5wh1zhp2/tSTZzTJN0GSQhAAAIQGI0AgmM0XtO+eonw33i1pHsVGvc2vZ0Tb5p2h7T3TwReJun1krzrVDbnz/hoyhT7oVTR9SLYQQACEIDA+AQQHOOzm+adG0s6Nr0eWGjUv6ifnJJJsW0/TdL/15aTc+25QJp5+9J8IPJnIPqmz58WIQCBHhJAcDRn0f0L2+mu7Uw6WBf/qnYq9C81Z5itHYl3kFyptRiWXJ7MGVFEzf419qnBIAABCEBgSgQQHFMCOcVm7JD44lTYy8cttj/Fr/HPTrGPPjXlmiaOANpwyKRdxddJuj4u6cI+gWGuEIAABGZJAMExS9r1+/IX5JEpGuJucYtDMJ9Nwa9aAHcOgbH9EL+MQSNfTX4z75f0hVqtchEEIAABCExEAMExEb6sN+8UeR5Wil6iYsXfAAAEnElEQVQcLluVDyLrIFrSuJNy7RERPwsN+RuRN+PEtIt0XUvmxjAhAAEIdIIAgqP5y/iGiKLwSC+LL9YfNH/YWUdoMeadjN1TqOqgIN6wDp1UzcdRx6Wy8d4pwiAAAQhAYA4EEBxzgD5Gl0dIOqhwn2t2HB75IM7r+K/1NSXtKslp4TeTtIOkpRZgaGdPO326ON4JFE8b42njFghAAAIZCCA4MkDN1KR3OuzHsUapfX/BXpl+7f8sHB/b7ly6sqTHSNpG0mNLocLD0J4p6ZQQGjh+ZnoAaRYCEIDAJAQQHJPQm/29Fht+7R9HK8NG4KMX/8I/N5wifz77oS7a46pxLLJ5CkV1fZnVJD14kbscUXKOJKcXdwjxqWnn58ZFe+ICCEAAAhCYOwEEx9yXYKIBbB3hnvdLX76bxGvYcYMdJp1nwiGg107U6+g32/F1yzgScXjqIxeJIBn0YMHksToJ2tck+SgJgwAEIACBFhJAcLRw0RYYspOH7RPRLJsmR8kHVVzrOiCD3QHvEFw9ZQTrp10VZ05dJ5KYPbwQ3jusq1tDTJwtybsYdvSk1PuUF4bmIAABCMyTAIJjnvTz972ipK3CF8KVaasEiL/szwofCNcOcQTMJZL89yrzkY6FjROTrS5pIDDc9rqLTMlt/jD6s/A5P/qy4ysGAQhAAAIdJoDg6PDiVkxtrfCbeKKkxy8wddcPWWHI7sjSNZA5x8XvJV0qybsWfl0QYb01bucSCEAAAhDoGgEER9dWdLT52Ldit3DY3HaB9N/DWrWguDh2LLxbYX8L7444agaDAAQgAAEI3EEAwcHDUEVgvZT228XOqsxhp44MobgZzw4EIAABCNQmgOCojYoLIQABCEAAAhAYlwCCY1xy3AcBCEAAAhCAQG0CCI7aqLgQAhCAAAQgAIFxCSA4xiXHfRCAAAQgAAEI1CaA4KiNigshAAEIQAACEBiXAIJjXHLcBwEIQAACEIBAbQIIjtqouBACEIAABCAAgXEJIDjGJcd9EIAABCAAAQjUJoDgqI2KCyEAAQhAAAIQGJcAgmNcctwHAQhAAAIQgEBtAgiO2qi4EAIQgAAEIACBcQkgOMYlx30QgAAEIAABCNQmgOCojYoLIQABCEAAAhAYlwCCY1xy3AcBCEAAAhCAQG0CCI7aqLgQAhCAAAQgAIFxCSA4xiXHfRCAAAQgAAEI1CaA4KiNigshAAEIQAACEBiXAIJjXHLcBwEIQAACEIBAbQIIjtqouBACEIAABCAAgXEJIDjGJcd9EIAABCAAAQjUJoDgqI2KCyEAAQhAAAIQGJcAgmNcctwHAQhAAAIQgEBtAgiO2qi4EAIQgAAEIACBcQkgOMYlx30QgAAEIAABCNQmgOCojYoLIQABCEAAAhAYlwCCY1xy3AcBCEAAAhCAQG0CCI7aqLgQAhCAAAQgAIFxCSA4xiXHfRCAAAQgAAEI1CaA4KiNigshAAEIQAACEBiXAIJjXHLcBwEIQAACEIBAbQIIjtqouBACEIAABCAAgXEJIDjGJcd9EIAABCAAAQjUJoDgqI2KCyEAAQhAAAIQGJfA/wK6zVsVwQqF9QAAAABJRU5ErkJggg==', '2025-07-28 07:44:29.159+00', 'JHB', 'Seller4 Oy', 'sole_proprietor', NULL, NULL, NULL, 'https://wtfnnkrmvpmmsvciejmv.supabase.co/storage/v1/object/public/documents/brand-photo_a8600d90-c230-4cf7-a870-4f941cbfd1e2_1753688653599.jpeg', 'https://wtfnnkrmvpmmsvciejmv.supabase.co/storage/v1/object/public/livestock_affidavits/affidavit_a8600d90-c230-4cf7-a870-4f941cbfd1e2_1753688647364.jpeg', NULL, NULL, NULL, NULL, NULL, NULL, NULL),
	('3984c0a6-2a8c-40fc-94d8-989a49b7557c', 'seller5@seller5.com', 'Seller5', 'Seller5', 'seller', 'approved', 'en', NULL, NULL, NULL, NULL, NULL, NULL, NULL, NULL, NULL, '2025-07-28 09:34:19.638331+00', '2025-07-28 09:36:39.912857+00', true, '2025-07-28 09:35:00.594+00', NULL, 'sole_proprietor', true, true, true, true, true, true, true, true, true, 'data:image/png;base64,iVBORw0KGgoAAAANSUhEUgAAAhwAAADYCAYAAACgGDr3AAAAAXNSR0IArs4c6QAAIABJREFUeF7tnQm4dtXYx/8SqZSkRINEQiORIZSiQZHmgYavQZSkMoT4MhZFhkyFBiWaUylT0qBJg6iolOZoHmiQ4Vt/1mZ/+93nnP2c8+znWXvt331d75Xes5+17vt37zz3WeseHicEAhCAAAQgAAEItEzgcS2vz/IQgAAEIAABCEBABBy8BBCAAAQgAAEItE6AgKN1xGwAAQhAAAIQgAABB+8ABCAAAQhAAAKtEyDgaB0xG0AAAhCAAAQgQMDBOwABCEAAAhCAQOsECDhaR8wGEIAABCAAAQgQcPAOQAACEIAABCDQOgECjtYRswEEIACBzhOYX9ILJT1B0u8l3dJ5izBg5AQIOEaOnA0hAAEIJE/guSGw2FLSqyW9XNI8FY1vkPQxSYclbwkKJkOAgCMZV6AIBCAAgbESWFzSG+OftRtoco+kA8NzH23wLI9AgE6jvAMQgAAEek5geUnvkbR1DYerJN0p6VeSbpd0haS5JB0Tn/2xpLV6zg/zGxLghKMhKB6DAAQgkBmBLSR9QpKvTwr5taSLJP1C0mmS7pjAZv/9gvFny0hyYIJAYFICBBy8IBCAAAT6Q+A5knaTtIGkRaPZD4Wg4whJ35V0VgMUDlCcOFqI1/xDg8/xSM8JEHD0/AXAfAhAIHsCc4Sqkh0kbSdpxZK1N8YTjiMlPToAhfeFa5X9CDgGIMaj/yJAwMGLAAEIQCBPAttK2lzSmiXzfJpxYgwYfH0yHblG0vPiB3394ioWBAJTEiDgmBIRD0AAAhDoBIFlQy7FppJWlrSSpHlLWp8k6YfhGuWbkv4+A2vci6Ocr7Fn5bRjBkvz0dwJEHDk7mHsgwAEciWwpKTl4jXJ6jHQKGy9L1aUHBrzMq4bEoRPSfpQXMt7+IqG/I0hwc19GQKO3D2MfRCAQE4EXILq04tXSFq3YtifYrnqeZK+14LRj49VK+46ajlH0iot7MOSmRIg4MjUsZgFAQhkQeDJkt4Uv9g3KpWiFsa5P8YJkk6VdFnLFvu65ujSHm+XdHDLe7J8RgQIODJyJqZAAAJZEPAXu08yXivJJadleSBcnbjZ1lclnTliax3crBD3dBOwpUOJra9VEAg0IkDA0QgTD0EAAhBojYD7YewSg4wXVXZxVYkTPn19cW7My2hNkUkW3jDkixxf+vlekvYZhyLs2V0CBBzd9R2aQwAC3SWwXggeNpa0VY0JPj3wKcZPw1XKzyTdNmYzfa1zeem05WFJzwpB0l1j1ovtO0aAgKNjDkNdCECgcwRcrjqnJLcS30bSk+I8ksKQWyWdEvpZnB4rPn6TmIWfluTy10L+NzYMS0xN1EmdAAFH6h5CPwhAoIsEdo6BhVuIe8R7WZz34OZbv5V0hqRLEzZwVUk/kuRupZbrQ3D0EnI3EvZYwqoRcCTsHFSDAAQ6Q8C5Fy5VdaLnm2OwUVbeVyTnh5//PP7pgmFOWHWi6DwlZT2+/gddUB4d0yNAwJGeT9AIAhDoBoHNwumEczHWkTRfReUrJR0bkz2dh9E18YC27wcbPAm2kAPiGPuu2YK+iRAg4EjEEagBAQgkT8AzQ94Q/7ysou218Qv6J5Kcg+HEz67K3JKOk7R2NOAfsTrGV0MPdtUo9B4/AQKO8fsADSAAgXQJ+EvWjbfeX6Oicxs8n8RNt8rj2tO1ZmrN/J3wLUke/FbIL0OlzI7xemXqFXgCAhMQIODg1YAABCDwXwJu2/0qSW+Jk1arbHyt4ByGLl6TNPHzRyXtXXrQCa7uKHpMkw/zDAQmI0DAwfsBAQj0nYDzL7YO1RivjPNJykmSF0o6LTbdyjXIKPzvU4yDSi/DY5I+zDTYvv/nMTz7CTiGx5KVIACBbhF4a7gmWD824CprfrWkL4cchgskXdwtk6atratP3AukLIdI2n7aK/JBCFQIEHDwSkAAAn0hsHzIT1hM0hqxw2cx9dT2O9nzyJj4eX9fgEQ7fYV0tqTZ4r//TdKBkvboGQfMbZkAAUfLgFkeAhAYKwHPKXFfjC1jn4xCGecmePKpcxPcgKvLVSUzAbxUKOu9SNJT4iKPxNH25aTRmazPZyHwHwIEHLwMEIBATgT8xenKEjfg2qGmP4YDDI9zL49Zz8n+QWxxae9RktxzoxBX3rgqx/kbCASGSoCAY6g4WQwCEBgDAc8m2S5UjqwSvyznqujgslUHGkeMQbdUt3x+bKu+SEnBS+LE2rtTVRq9uk2AgKPb/kN7CPSRgBtT+ZrEv6G7nbgbcpXljli2+o2Y+OkR78h/CfhEwy3LPQW2kPNi0OaEWQQCrRAg4GgFK4tCAAJDJuAET/fGcILj5jVr3yTp+HiKcdmQ985puSVjYuzSJaP+KMlD2q7JyVBsSY8AAUd6PkEjCEDg3wPD/ifMInmdpNUkzVsD5S+SDo/D0Hxt8jDgJiWweCx9Xa70lJNEV4+D5cAHgVYJEHC0ipfFIQCBAQn4uN9lq++tJDMWy9wVW2+7Z8QvBly7z48vEMfMr1iCcKMk9yKBY5/fjBHaTsAxQthsBQEIzELA3T03jKcZs9dUldwbkxuLse6ewooMRmDZOO/FJxxlcf6LO6kiEBgJAQKOkWBmEwhAoERg41hNsm5oMPW0GjI+5j9L0o8lHSrJQQcyPQLOzfCAOVfyFHKLpG0yngczPVJ8qnUCBBytI2YDCPSegMecvy20C/exvktX6+S6+Fu455a466WDDmRmBDwfxjkuZXEFz6YxoJvZ6nwaAgMSIOAYEBiPQwACjQg4yNgklq/WnWJ4EU9dPUmSSzKvarQqDzUl8IVwMvTuysMePufTJU6MmlLkuaESIOAYKk4Wg0BvCbhF9maS3ilpoQko/CaWrp4bqyLojzH812WOeA21RWVpJ4baP7cOf0tWhEAzAgQczTjxFAQgMCsBV5T4N2Yf3Zf7OpSfdC6GS1bdMtsBB9IeASeFfj00O/PpUlncvtyj511GjEBgbAQIOMaGno0h0EkCbhzlqhIPQyv3cyiM8VC04yRdGq9L+joUbdTOfZ+k3SQtXNrY81D2lrTvqJVhPwjUESDg4L2AAASaEHBvDF+XuKV4VR6M+RhOUHRFBDJaAnuGKpRPV7b01YlzaM4frSrsBoGJCRBw8HZAAAITEXiGpN1jhclTKw8VQcZ34pUJFEdPYBlJ+4deGm+obO3Az34jOXT0PmHHSQgQcPB6QAACVQI+zfBvzOWulMUzv4yTVw+RdA/oxkZgTUn2QXna61/jtFc3SUMgkBwBAo7kXIJCEBgLAVeZOA/AlQyeY1KW30s6Mn7B3TwW7di0IDCnpA9K+rCk4v+//xGrf/z37meCQCBJAgQcSboFpSAwMgLuRLl9rGxYsLLrsZK+GTt+jkwhNpqQwFMkHRZGy69fecKnUR+jWRpvTuoECDhS9xD6QWD4BFzJ4FLWHWoGpHk42oGxQ6WHeyFpEHCexrdjt9ZCI5e5uiyZRN00fIQWUxAg4OAVgUB/CDwrHLlvFU80lqiY7Xbin4+lrP0h0g1LtwtD7dw5tLjq+qekn8QW5fd3wwS0hMB/7wBhAQEI5EvghTHIcH7GohUzD5a0jyROM9Lz/xMluQrIpxiFuLfGuyQdlJ66aASByQlwwsEbAoF8CXj8+K4xP6Nc1nqnpC/Gq5MH8jW/05Y5ifccSU8vWXG9pF0knd5py1C+twQIOHrregzPlIATC98eO0zOVbHR8zQOiEmgf87U/q6b5SqUvWLFkE84CjkjDmO7susGon9/CRBw9Nf3WJ4XgSfH337dDbR6beL7/o+EBlEX5mVydtasJelLkny6UYgTQ51b8/EQiPg6BYFAZwkQcHTWdSgOgf8Q+IqknWt4HB2TDS+AVdIEPJPGQ9dWrmjpJmvuGOqTKQQCnSdAwNF5F2JATwksH5MHXdpalW9JchByWU/ZdMHs2eJcGjfrWqmisE8y3GjNyaFMeO2CN9GxEQECjkaYeAgCyRDwtFY3elotHL/PX9HKU0EPlXRtMtqiSJXA7JL2iPkY5cmufs7lrg4S3yLpatBBIDcCBBy5eRR7ciUwX+ww6YCiLLfFAMRdQf+Yq/EZ2GX/uWLoPSFxd94ae66KuRo+nXLggUAgOwIEHNm5FIMyI+CyyM1j5cnSJdvc8MmdJ/9X0n2Z2ZyLOW7U9bbY1XWFCYy6XNJ+kr5LoJGL27FjIgIEHLwbEEiTgH8Ldvtx/1b8vJKKf5LkZl2flOTpoEh6BBxceLbJmydR7fh4ouGE3r+nZwIaQWD4BAg4hs+UFSEwUwLOzXDVwialhZw8+OXYX+PRmW7A51sh8KLY0XXTSsOuYrOHYjLo50KexjWtaMCiEEiYAAFHws5BtV4S2CZOaHVyocX3+Z4Q6rv/e3tJJG2jny9pxXh14kTeOvmppBPiQDwHHQgEekmAgKOXbsfoBAksFBo+HSVp9ZJubm39bspbE/SW5Lbxe9aMii+UfTjOqHGweEuSFqAUBEZMgIBjxMDZDgI1BFaNvwEXZa6edeL+DK5I+QfEkiFg/+wkaU1Jq0yg1e3Rb9+QdEMymqMIBBIgQMCRgBNQodcE3iHpayUCP47H8zf1mkpz4z0v5hBJr5fkqwuPch/2tYWn7W4V/bLABKq5bbxHyH+vueo8CYF+ESDg6Je/sTYtAp7Y6ioUiytOXHnipl7MzGjuJ1fyHF563KPcXQEyDHHezLaSlpnkNOOzMWD0FQoCAQhMQoCAg9cDAuMh4CTCDeLWLov0hFc3fUIGI/ArSeUeFzMNOF4Q59L4RMPNuurk5/Ek46DBVOVpCPSbAAFHv/2P9aMn8Pg4Hr5IDr01/hbtia7IYAReKskDzgpxt86XSHpksGX+9fS6cSS882nqxGXJPpFyoHjJNNbnIxDoPQECjt6/AgAYIYEnSnIPhl3inu4W6tyDi0eoQ05b+Qpqr2iQk2s9o8RBQVNZLF5heXbJRHJ9bOLlQOPPTRfmOQhAYFYCBBy8FRAYHYHyGHl3DHXPjR+NbvvsdnIwsETJqmeH06IbG1i5fkwufdMkzzoB1fkZ+KcBUB6BQBMCBBxNKPEMBGZOYLfYyrpYab1w/H/KzJft7QqvCT1Lzi5Z7ymrbsA1kfiqxOPeN5rkmQckfUqSczN8+oRAAAJDJEDAMUSYLAWBCQjsECsZiu6hThY9CVozIvCZUP76/tIK7lviCp+q7B6DiDkn2M25Ga5qOUbSD2akER+GAAQmJUDAwQsCgXYJOLjw/b/Fbcqdv/HVdrfsxeq/CxNW3Vbc4r4bLl0tGm25t8mGktaYhISTTT2h9fO9oIWREEiAAAFHAk5AhWwJeLbGieFL7Smxz4YniO6TrbWjM2zZcDXym9J2t0lyfoyDO1euTCQ+zfBQPHcBvXp06rITBCBgAgQcvAcQaIfASiGn4OTwBfeMuLxHyr9T0t/a2a5Xq7pfiTuKFuIy2CdNQMCVJb6+8imTgz8EAhAYEwECjjGBZ9usCTxV0kVhFPmScRaKB3jtKMkNvpDpE3iOpM1iR9bZJlnGw9JOi4HG6dPfjk9CAALDJEDAMUyarAWBfxNwyevTIwyfcjifgGBjem+HOTrP4mWx8+dEs0wul+TmaT7N+MX0tuJTEIBAmwQIONqky9p9I7BUPLZfOhp+bOwi6twBpBmBeWOy52vjtYmHs00mri7ZOZS83t1seZ6CAATGRYCAY1zk2Tc3Ar4+8aRQt9a2+Ch/+zAjxePKkckJzCHJfTVcXTJZnwyfErk1fCEO5Nap9OOANQQgkCgBAo5EHYNanSLgkw1PLH1F1Noj5n2NwslGvRsdNKwSuni+MjbjKhJrq09fI+nMGFDsLcmcy+KW8L5qcbkxAgEIJE6AgCNxB6Fe8gR85H9eaWKp8wfcMvve5DVvX0HnX/jk4qZYruqW4r5uWnSCre+LwYU7iJ4fufpR9y3ZqfKZv4Zn1pLkya0IBCDQAQIEHB1wEiomS2C58Fv3UZLcF8JyriR/qaaYT+CcCJ8QLBxyHu4oJbW6WZb/LBjKdu+UdGW0xY20HpU0dwgCPNnWQYP/6Z4ivtq4K9o6zwy94wmv7qnhduIO3LxnWVzdUzcG3r00/DMEAhDoCAECjo44CjWTI+Bgw3kai0TNPLLck1/9W3pq4i9yX1+MW3wq4ZknDnjcl8TXJZNdO7kM1rovVKO4c2auG7dB7A8BCDQnQMDRnBVPQqAg4N/+PUW0CDY8g2MLSQ8miMgnLsNoeOU8ibr/v/BYeAcF1bJfBxJuH265MJ76uDdJU3EjLwckRV5M+XM/DGu+oelCPAcBCKRBgIAjDT+gRXcI+KTA5a5FsOEEUVdWuKNliuK+FT5RKP5bv0fSfpKKYWb+mZM4nWvhaxV/mbtx2csl7RuvYDz23XkUj8UrlWJmSZv2flHSrjUbOKh7VqInSW3yYG0IdJ4AAUfnXYgBIyTgXI1TJS0e9zxH0hsleax5ynJgHBpX6Oj8C49h99+n2JDMpxfuFFona8fTpZR5oxsEIFBDgICD1wICzQhUTzaukOThbP7yTl2eGLtv1g02c+Dx2YRODJyv4TyPZ9ZA3b8ykj517ugHAQiUCBBw8DpAYGoCa0r6fmlAmEtefayf6jVKnUWuJvFMlzdXmmf5WV+rfCmWov5sahytPuGqH+fDVMXj6B30pZiU2yoQFodALgQIOHLxJHa0RaCadOmyUQcgHoneRXm1pM/Fhll1+ts+j3r3GPdRN9Ryi3LvXSfu4HppF4GjMwQg8G8CBBy8CRCYmMAaocfGcZI838PiPhU+IXBTqi6L/7t3nsT7QiXIqpP8/8AfwsC0L8TTnRtbNtj9QXyKUdfXw02/HAAhEIBAhwkQcHTYeajeKgEf3/saxZUbFp9ovDXDzpYrS/pAnElSnlNShuv+GWeEyhw32/KVy/0tkHcQV1cC+5moXwtbsiQEIDBKAgQco6TNXl0hUNe74lWlVttdsWMQPTeIV0VvKZ3o1H3+b7FSx7NjfOrhBM+ZyickfbhmkZslLU/exkzx8nkIpEGAgCMNP6BFOgTcj+KU2G/CWjmhctNQkXJWOiq2qolblzvoeFs44Xlxg50uDwm0h8Sk0waPz/KIT1g8f6ZOPCvFfU4QCEAgAwIEHBk4EROGRuB1kn5aWc3TSIuOmUPbqCMLrSRp63iV5GZgU8lJsavpCQ0reNxN1HNU3Ka8KntJ2meqDfk5BCDQHQIEHN3xFZq2S2AdSW5RXoj7a7hqwl1F+y5zhITOzcME3Hc3PPUwLwcdroZx2/OJxD1APlTzQw+Ke4Gkh/sOHvshkBMBAo6cvIkt0yXga5STQ0XGfKUF/AV79HQXzPhz80vaMEyP3W6AgXDuyOrkz3JA59OTiWar5J4vk/HrgWkQmJgAAQdvR98JrBArL/xFWsj2MS+h72ymst85Hm7t7nyPxaZ6OHZldbLpkbF1eV03UapSGoDkEQh0kQABRxe9hs7DIuAyTJd5FoPMvO4eIWH088PaoEfruMrFvT02m6LKxUg8YXa2GjZO1l2vR8wwFQK9IkDA0St3Y2yJwKKSzpa0ROnvPi3pg1CaEYG5JHnA2uslbRMm0/rfm4gn0bo6xo3WEAhAIEMCBBwZOhWTpiTgOShnSnpO6clDY17ClB/mgcYEfE3lzqy+dnGJ69wNP+kOpyfGk6ZbGn6GxyAAgcQJEHAk7iDUa4XAhZVZIg4+Vm9lJxYtCLiBl/ttPHlAJPfEviink8Q7IDkeh0BiBAg4EnMI6rROwBUTHmBWyLmS3Fn07tZ37u8Gz4hzUtxUrCqPlKbwNiF0RTydsh8dhHRpYm8T+3gGAtkSIODI1rUYVkPAI9jfVfp7t+b2FFKCjXZfl9/GvhrVXY6JSaaevuuOoytKetOAqlwX26u75PawAT/L4xCAwAgJEHCMEDZbjZWAS12/WdLgj/EaxV+GSDsEfKJxauVEqdjJAYJzO6ri7qNOOn2RpKXi/27S5dTrPBTycNw0zImnx4cuqdeHqqMH2jGNVSEAgUEJEHAMSoznu0jApZae/FqIj/H9m3S1jXkXbUtZ529L2qpGQXP33zvoayI+hVot5n+494fbzfuaponcHgKbi0PJrvN2rglNy34t6eomH+QZCEBguAQIOIbLk9XSI+AvJw8AK+cP0NirfT85wKvrqeEv/FWHMAHWjcZ8BeOOpe6n4qTUBRua5ZMQdzn1HwcizuPxkD4EAhBokQABR4twWXrsBPxbsKeZPr2kiQeCeTAY0h4BdxJ9a83yrlJZV9L9LW39vNhu/dlhKNxGMQhpupXLbz33xTq6P4vzem5u+mGegwAEpiZAwDE1I57oLgGPlF+lpL6/SNwPwlcqyPAJ+BTpa+HKYouapX3K5BbozrEYlTj3w6cgvoZxTohPQZYbYHMHHT+PJyC+/vHpzFUDfJ5HIQCBEgECDl6HXAkcEH6T3r1k3GWSPKTtL7kaPGa73F/jiFhiXFXF1Sge9pYCe3c+fWnMA3llKK19uaRFBmTnRNTTYm6Ik459JUNy6oAQebx/BAg4+ufzPlj8vtBSe7+SoXfGu36XwSLtELggfnmXV/d4+d0kHdzOlkNb1VcwDkaXifklzgkZVIp+IL6S8Xt2ZchhuTQkJ18iyRwQCPSeAAFH71+B7AD4yNxH34U4QdBzPc7PztI0DFogTn/1VVVZbgtfvNvGhN00NB1MC8/Y8SRhV8j4OsZBiG2djrhbqnOJ7pLkxmU3xH+6h0hb+SzT0ZPPQKBVAgQcreJl8RETeGEsf3XyoMW5GjvGo/4Rq9KL7fwF7JON51as/Y6kHTLNlXGXWs/ieX480XG1zNLT9LavmJxX5Om5rpjxKck/w4wflxPTjG6aUPlYugQIONL1DZoNTsAJfi65LMQDwDYcfBk+0YDAOpIOCs3UPHW3LB+L11k+WeqTuDx33pig6oDEJ23+Z3lA4CA8fPLhkl0HI+4b4l4i7l/StHfJIHvxLARGQoCAYySY2WQEBI4OFQSblvZxAqPbmHNkPXz4HiN/uKTZK0ub/7HD367zKz4tdD9dNp6KLBzY+bpm8TCMzidy5ZLtJoY6OdUJ0M4N8fWMpxwjEOgEAQKOTrgJJacg8AFJ+5ae8UnHBkNoLgX4WQnsFL4kv1r562tjsPcrgE2LgK9kHHj4aspXNL6q8omJm9ZNJX7ml1M9xM8hkAIBAo4UvIAOMyGwcfwtrzz23L0X/FsgMjwC80lyboavUsriaqA9h7cNK9UQcMKqK2l8TeNS3tnidc3jY1Krk1ERCCRPgIAjeReh4CQEXD3gEeXluRruMHkC1IZKwEGGr6zKQZ1nlPjKykPSEAhAAAJTEiDgmBIRDyRKwF9+/rLzaPNC/AX45UT17aJantz68dCwy31NyuIeE2Z9ZheNQmcIQGA8BAg4xsOdXWdOwEmhW5aWmWjc+cx36ucKrrhwQOceJmX5iqQPSnqwn1iwGgIQmC4BAo7pkuNz4yTg3houySzEjZQ8J4MvweF4xXkxXwwdQl1RUWb87jCb5OThbMEqEIBA3wgQcPTN4923d+cwhty/ZZe/CJ3RT+LczH3rOSPvD82n9q4s5SoIB3lUocycMStAoLcECDh66/pOGu5ppG4T7Sx9y72hGZI7PzLBc+budGty578sWVnKfTU85ZV+JjNnzAoQ6DUBAo5eu79TxvuL8GexT0Gh+P7xN/JOGZKYsvNIMse3V/Ry2203+OIKJTGHoQ4EukqAgKOrnuuX3m6E5HHgvjqxuN2zB7T5dCOFkedd9YYrTdwwbe6KAT8O49b3iBNPu2obekMAAokRIOBIzCGoMwsBv6NOEPWxvsXDra4P3RXXjTMmQDY4AefBvDe22C5/2hNePxTblg++Kp+AAAQgMAkBAg5ej9QJ7BorJgo9H5O0Oc29puW2d8SAwu2zq+JcDQchN01rZT4EAQhAYAoCBBy8IikTWD3mEBRH/h7f/fWaRlQp25CCbr46+Uio7lmwRhkHGA7gzk9BUXSAAATyJUDAka9vu26Zh1n9VtL8JUM8lM1BiK9VkMkJmJ9nnGwnyXNQqnJzzN/4GiAhAAEIjIIAAccoKLPHdAgcJ8lzUQpxOewaki6dzmI9+oznnmwbRpe7eVedOP/FA9fcqfWhHnHBVAhAYMwECDjG7AC2ryXg5lOfqfxkh1AS+y141RLwzBPz2WqSkeY/CScdX4jVPmCEAAQgMHICBBwjR86GUxBYJPx2fkXlGuB7oSJlC8jNQmCJOOvEVyfPreHj7qs+KXKb8t/BDwIQgMA4CRBwjJM+e9cRcJ7GqqUf+CrlFZKuBdd/CDw7VpsUpcJVNE4A/Y6kQ0Iex8NwgwAEIJACAQKOFLyADgUB99Y4tYTDJbDvlPQNEP2LwNax/8imNTzcevzbsYqHVu+8MBCAQHIECDiSc0lvFfKclOskPa1E4BxJr42dRXsLJkxtPbjU+KzKwUmgn5T0XUmP9BkStkMAAmkTIOBI2z990u5zsZ12YfMD8SrFpbF9lBUluVFX3bWJh9b5NMN/qNrp49uBzRDoIAECjg46LUOVlw1XBR6B7mqLQjyCfpcMbZ3KpOUlfSIEEuvVPOgZJ8fEPw9OtRA/hwAEIJASAQKOlLzRX11csvn6kvm+WnlNmGB6e4+QrBLHwy9XsdnXJA40dpLkWScIBCAAgU4SIODopNuyUtqBhgOOsmwWf4vPytAJjNkk5F58ILRw9xVKWVzG6ioT/7m7DyCwEQIQyJsAAUfe/k3dOrfcPlfSMiVFXdL5qszbly8laffYDXSBipOcs+Ik0KNSdx76QQACEBiEAAHHILR4dtgE/KV7QGlRz0hZWdIFw94ogfXmkvTGmJfi66KqXCRp/9ioKwF1UQECEIDAcAkQcAyXJ6s1JzBvvCqYPX7kL5L2qoyib75auk8uLml9SdtIenFFTSd+fknSCVSbpOtANIMABIZDgIBjOBxZZXACbvAGuTS3AAAGNUlEQVTlRl+FXCzp1ZIeHXyp5D7xTEkbStq+JsiwsjdK8pTWw0Iy6J+S0x6FIAABCLRAgICjBagsOSUBXy2cGHIVitMNf8BVGF+f8pPpPjC/pA0kOeHVU23rxDNhnJtxSrpmoBkEIACBdggQcLTDlVUnJuAv5p9WfvP3v6/ZwUTRxeIpja9M1prAZJf4OtBwJ9AreTEgAAEI9JUAAUdfPT8+u/0bfnXyq4eR+ZohdZlT0mqxZ4gDpHJ1TVn3W8PPjo2dQC9L3Sj0gwAEIDAKAgQco6DMHmUCnv761PgXThTdNfaaSI2SZ7r46uclscW6T2bqRsAXejvIOCmeZrjUF4EABCAAgRIBAg5eh1ESOCh0y9yxtOFNIZdjBUn3jVKJSfZyFclGkl42SR5G8XHr/qPYtMzXJsw0ScSJqAEBCKRJgIAjTb/kptU8obfG2pXuoc5n8AyVcYn7Ymws6aXxasSdPt2IbDI5OSa7nh1GxXtKKwIBCEAAAg0JEHA0BMVjMyLgEfNnlla4RNJHJJ0+o1Un//ATYsfShSQ9JGlJSQ4yVo3Nxf4emo65F0idPCbphpDIel4ISq6Ijci4JmnRWSwNAQjkT4CAI38fp2ChJ7/uXFLE5aPOd5hMHKTcER9YOCZqepqs//fckhxQWHy1sakkn6LMRBxYnCPp95IOZ37JTFDyWQhAAAKzEiDg4K0YBQGfbjiAKOQWSa7eKOc9uCPnX0OfCs8ZcfDgZM225K544mId3FLc81t8CoJAAAIQgEBLBAg4WgLLsv+PwJahwuOIETLxGPdrS/v5f98cr0hcJUOC5widwVYQgAAETICAg/dgVAT2jfNE3PZ7Krk3ls669bf7c3iom3tguPTUpbTlhE3/7CpJd061KD+HAAQgAIHxESDgGB/7Pu+8SQwoigZgZ8UkTSd1nhEag13dZzjYDgEIQCBHAgQcOXoVmyAAAQhAAAKJESDgSMwhqAMBCEAAAhDIkQABR45exSYIQAACEIBAYgQIOBJzCOpAAAIQgAAEciRAwJGjV7EJAhCAAAQgkBgBAo7EHII6EIAABCAAgRwJEHDk6FVsggAEIAABCCRGgIAjMYegDgQgAAEIQCBHAgQcOXoVmyAAAQhAAAKJESDgSMwhqAMBCEAAAhDIkQABR45exSYIQAACEIBAYgQIOBJzCOpAAAIQgAAEciRAwJGjV7EJAhCAAAQgkBgBAo7EHII6EIAABCAAgRwJEHDk6FVsggAEIAABCCRGgIAjMYegDgQgAAEIQCBHAgQcOXoVmyAAAQhAAAKJESDgSMwhqAMBCEAAAhDIkQABR45exSYIQAACEIBAYgQIOBJzCOpAAAIQgAAEciRAwJGjV7EJAhCAAAQgkBgBAo7EHII6EIAABCAAgRwJEHDk6FVsggAEIAABCCRGgIAjMYegDgQgAAEIQCBHAgQcOXoVmyAAAQhAAAKJESDgSMwhqAMBCEAAAhDIkQABR45exSYIQAACEIBAYgQIOBJzCOpAAAIQgAAEciRAwJGjV7EJAhCAAAQgkBgBAo7EHII6EIAABCAAgRwJEHDk6FVsggAEIAABCCRGgIAjMYegDgQgAAEIQCBHAgQcOXoVmyAAAQhAAAKJESDgSMwhqAMBCEAAAhDIkQABR45exSYIQAACEIBAYgQIOBJzCOpAAAIQgAAEciRAwJGjV7EJAhCAAAQgkBgBAo7EHII6EIAABCAAgRwJEHDk6FVsggAEIAABCCRGgIAjMYegDgQgAAEIQCBHAgQcOXoVmyAAAQhAAAKJESDgSMwhqAMBCEAAAhDIkQABR45exSYIQAACEIBAYgQIOBJzCOpAAAIQgAAEciRAwJGjV7EJAhCAAAQgkBgBAo7EHII6EIAABCAAgRwJEHDk6FVsggAEIAABCCRGgIAjMYegDgQgAAEIQCBHAgQcOXoVmyAAAQhAAAKJESDgSMwhqAMBCEAAAhDIkQABR45exSYIQAACEIBAYgQIOBJzCOpAAAIQgAAEciRAwJGjV7EJAhCAAAQgkBgBAo7EHII6EIAABCAAgRwJEHDk6FVsggAEIAABCCRGgIAjMYegDgQgAAEIQCBHAgQcOXoVmyAAAQhAAAKJEfg/Yd2FFdrbbMEAAAAASUVORK5CYII=', '2025-07-28 09:35:00.594+00', 'JHB', 'Seller5 Oy', 'sole_proprietor', NULL, NULL, NULL, 'https://wtfnnkrmvpmmsvciejmv.supabase.co/storage/v1/object/public/documents/brand-photo_3984c0a6-2a8c-40fc-94d8-989a49b7557c_1753695285724.jpeg', 'https://wtfnnkrmvpmmsvciejmv.supabase.co/storage/v1/object/public/livestock_affidavits/affidavit_3984c0a6-2a8c-40fc-94d8-989a49b7557c_1753695277962.jpeg', NULL, NULL, NULL, NULL, NULL, NULL, NULL),
	('896d0d8b-6bc1-4ff7-b9bf-6d8624b1ea47', 'johan@test.co.za', 'Johan', 'test', 'seller', 'approved', 'en', NULL, NULL, NULL, NULL, NULL, NULL, NULL, NULL, NULL, '2025-07-28 09:34:55.375948+00', '2025-07-28 09:36:48.221689+00', true, '2025-07-28 09:35:49.263+00', NULL, 'partner', true, true, true, true, true, true, true, true, true, 'data:image/png;base64,iVBORw0KGgoAAAANSUhEUgAAAhwAAADYCAYAAACgGDr3AAAAAXNSR0IArs4c6QAAIABJREFUeF7tnQfUNFddh3+U0KWEIJEqBAJKAAk9hNBJgAQIvQSRXlQ6HkFpIhZEBFHggKFJAiIdAgGkRHpJQIHQpCkgRXo1NOc53MHNnt333d137+zMznPP2fN9ybs7995n7vfOb//1DHFIQAISkIAEJCCBygTOUPn6Xl4CEpCABCQgAQlEweEhkIAEJCABCUigOgEFR3XETiABCUhAAhKQgILDMyABCUhAAhKQQHUCCo7qiJ1AAhKQgAQkIAEFh2dAAhKQgAQkIIHqBBQc1RE7gQQkIAEJSEACCg7PgAQkIAEJSEAC1QkoOKojdgIJSEACEpCABBQcngEJSEACEpCABKoTUHBUR+wEEpCABCQgAQkoODwDEpCABCQgAQlUJ6DgqI7YCSQgAQlIQAISUHB4BiQgAQlIQAISqE5AwVEdsRNIQAISkIAEJKDg8AxIQAISkIAEJFCdgIKjOmInkIAEJCABCUhAweEZkIAEJCABCUigOgEFR3XETiABCUhAAhKQgILDMyABCUhAAhKQQHUCCo7qiJ1AAhKQgAQkIAEFh2dAAhKQgAQkIIHqBBQc1RE7gQQkIAEJSEACCg7PgAQkIAEJSEAC1QkoOKojdgIJSEACEpCABBQcngEJSEACEpCABKoTUHBUR+wEEpCABCQgAQkoODwDEpCABCQgAQlUJ6DgqI7YCSQgAQlIQAISUHB4BiQgAQlIQAISqE5AwVEdsRNIQAISkIAEJKDg8AxIQAISkIAEJFCdgIKjOmInkIAEJCABCUhAweEZkIAEJCABCUigOgEFR3XETiABCUhAAhKQgILDMyABCUhAAhKQQHUCCo7qiJ1AAhKQgAQkIAEFh2dAAhKQgAQkIIHqBBQc1RE7gQQkIAEJSEACCg7PgAQkIAEJSEAC1QkoOKojdgIJSEACEpCABBQcngEJSEACEpCABKoTUHBUR+wEEpCABCQgAQkoODwDEpCABCQgAQlUJ6DgqI7YCSQgAQlIQAISUHB4BiQgAQlIQAISqE5AwVEdsRNIQAISkIAEJKDg8AxIQAISkIAEJFCdgIKjOmInkIAEJCABCUhAweEZkIAEJCABCUigOgEFR3XETiABCUhAAhKQgILDMyABCUhAAhKQQHUCCo7qiJ1AAhKQgAQkIAEFh2dAAhKQgAQkIIHqBBQc1RE7gQQkIAEJSEACCg7PgAS2g8AFklyybOXnSfi3fY4kV09yxiT8P178nZ/tU977viRfT3Le8rPPJPnEdiBxFxKQQJ8IKDj6dDdciwROT+CgJD9LcoUkFy6C4JAkP03yG0kuPiEwzlUB3oeTfDPJO5K8Msn7K8zhJSUggZEQUHCM5Ea7zV4SODjJd5uH+W8luWKSKyX5fpLLJfnNHq74pMZK8pgk/OmQgAQksBQBBcdSuHyzBFYisH+S6yQ5MMlVklxqj4Li00m+kORHSU5JclpZ1VeTnDpjhf+e5BtzVo71ZN+JnyF2cM+cuaz1mknOPfXZWzdWl5evRMIPSUACoyWg4BjtrXfjFQicPQkPaCwWiIurJrlMknMuMRduDMQBcRUIhfa/f5CEeItNDPZx+yQPLm6dfyt73MRanFMCEhgoAQXHQG+cy944ASwDWCtwi2Cx4KE8aSnYaYEfS4KV4uTywq0yzzqx8Y0muUSSFye5WlnMcUmO6cPCXIMEJDAcAgqO4dwrV7pZAocW68VvF+vFWRZYDm4PMj7eleSjST6Z5IMLfK4vbyFQ9WFJHjSxoPc0VhdcKl/qyyJdhwQkMAwCCo5h3CdX2T0BrBd/WYI5z7/A9FgsPlDEBa6Q9yb54QKf6+NbEBS4UG47tTiyVI5O8sU+Lto1SUAC/Sag4Oj3/XF13RE4IMm1k1yrCci85y7TtvEVfNvHgvGpIjS6W+16Zzpbk/J6s8a9c1QThHrzJOebujxi6vGNa+X5653Wq0lAAmMioOAY0912r9MEiE24YZL7lZTUeYS+UgI4311qUrxpS1D+fmOVObIRSzees58Tm/ofzzYjZUvuttuQwIYJKDg2fAOcvnMCPGBvkuTwJFg15g3iLl6X5NgkX+58lXUmvF5TQ4PXYUVgTae7Mit7fU6SZyX5fJ1leFUJSGCMBBQcY7zr49szdTBukeQ2xaIxTYB6Fm8tBa3ePnD3yOTe9iuZJddIcockl55z6/+rCYh9Q5Npc0KpKDq+E+KOJSCB6gQUHNURO8EGCVAL495NNc+HzlkD4uKNJTaBh+42jCsXkUGq7kN22dCrmwJff2rJ8m247e5BAv0noODo/z1yhcsToFrmfUumBVUzJwfFs57W1M/gYfud5S/dy0/cqAS7sucL7rBCUllxlbwlCWLLIQEJSKAzAgqOzlA7UQcE6I765OI+OM/UfM9ouqm+IAmZJUMf9Fwh0BNXCVk106Jqcn/Eohyf5J1JPjT0jbt+CUhguAQUHMO9d6789ATulOQvmiDPi06BeWxTCfSFpbLnkJkRg0ENDDrI7tTYjaqlzysxKdQCsUDXkO+6a5fAFhFQcGzRzRzpVn69+Yb/902fkZtO7f/pSZ4w4AcuxcYovkUbeqqbzsooabdMbxNcJQgMyqU7JCABCfSOgIKjd7fEBS1BgG/9T2pqRVCCux3/UgJFP7vEdfry1iNK2fCLNy4Q4jLmDdJVqWaK5eY1A65o2hfurkMCEuiAgIKjA8hOsXYCF0rymCIs2ovjOrh/U1/iVWufrd4Ff6VYMagHcucZ7qDJmd9cio616bv1VuWVJSABCVQgoOCoANVLViXAg5lUTlwp7XhRkocPpMcHGTS0ryfmZNoNNAmOWAyCPV9bGr8N0WJT9SB4cQlIYFgEFBzDul9jXy2dS/9qAgI9TSjPjeDo87hmKTpG4bGL7bBQUnZJWX1ZaQTX5z25NglIQAJLEVBwLIXLN2+IANaM45oiXYdMWTVwoXxrQ2vabVqCPem2ikWGAmSzxvcaKwciA0sG6bq0sHdIQAIS2EoCCo6tvK1btanbJXlKkl8ru/pCcZ+8uIe7RFwgMg5tiovt1NL+FUlY/0t6uAeXJAEJSKAKAQVHFaxedA0E9k3yR1PluclAeWCSU9dw/XVdgmZw92iKat1yhwuSUUKHWV70LHFIQAISGB0BBcfobvkgNnzZJH89EVSJ6+HxSZ7Yk9XfpWSXXKdJyz3XnDV9urR1J3UVweGQgAQkMGoCCo5R3/5ebv4+SZ45sbJPNs3FbpbkPza4Wip70hSNoNUr7LAOCnBRSvy5NkTb4N1yaglIoJcEFBy9vC2jXBTFrh45VVuDUuWP2BAN+pWQtnrtJIfvsIYvlgJcxGOcsqG1Oq0EJCCB3hNQcPT+Fo1igXcvZcj3L7ulVTxxEcQ8dDkI9KTjKhU/CfycN7C2/GNpiEZBLocEJCABCexCQMHhEdk0AdwPZHacsyyEFFEe+hS+6mLgKqGWB26b/XaZkCqflFJ/XRcLcw4JSEAC20RAwbFNd3NYe6FOBQ/utmLoV5P8QZLnd7ANLCmPKqXQd5vuHaVcOkLDIQEJSEACKxJQcKwIzo/tiQBxES+YEBvvb8qS36tpv07QZc1BTAZ1PW7VZMHQx2Te+HCSE5PQcfZzNRfktSUgAQmMhYCCYyx3uj/7vEGJf2gLeb08yf0aawMWjnUPUlYpJ05p8aObNvYX2GUCRAYVTSkt/sN1L8brSUACEhgzAQXHmO9+93unvsZJjeXgV5P8KMmjk/xNkp+scSk0RiO1ltb1513guv/ZVAV9WpJ/agJVCVZ1SEACEpBABQIKjgpQveRMAudI8vqmOdlh5adPbgJDH7oGVlgx7lpSV49a8HpfK2XFCVClboZDAhKQgAQqE1BwVAbs5X9J4PeKJeHnSRAbBIj+bEU+uGMocf47SS644DXIesF9g8uk63TbBZfo2yQgAQlsLwEFx/be2z7t7IxJcF1cuPx5rSQ0YVt0UN3zjklwlxxcXDKLfBaR8cokL20+9+pFPuB7JCABCUigDgEFRx2uXvX0BMgMIUbix8WNQszEvIEouVwJ9CTm44AkV10CKEW5Tkjy2qZ4F83eHBKQgAQk0AMCCo4e3IQRLIGHP4W1vtnEcVw9yaeS0A0WiwWvq5QeJQiNZceXk7wtCUW5EBifWfYCvl8CEpCABOoTUHDUZzymGeieSnzFWZvOrgSJ8ncKex2ThLP27aZXypcaawdFv/Yy6L5K7Q4sJbVrd+xlnX5WAhKQgAQKAQWHR2E3AudJgmvj3MW1gajYp3zop8X10ZYl3+1aq/6ceA/avFMn470lpXbVa/k5CUhAAhLYAAEFxwag93xKimPh2qAlOwW5DtrAeonDoKT485Kc3LSF/94G1jDUKS9TqqgiEK+YhIBdsoF48ffTSlGz9zTl3RGM1B75wVA367olIIHhEFBwDOderWuljy1VPU8tXVHPlKR9SFHum2ZmXQ9iO95damLQhZWMFsd8AtQewepEtg9BtgcWSxMF1VYZxL2Qroz16MxJKO1OgbaPJ6FmydgHWVKkX2PZo44M/044s5csWVMIN6x8MOR3Kn/n3xVc/7dkSVHgziGBURNQcIzn9mOx+GhPtkvZcBq3vaUEe36sJ+vq6zIoaHa9JBdqGsldqQiMrtZK3A0Pzjc0ZeI/kuQDTYryJ7qavIN54En21BFFMBxe5sRCRIAzZ/Xsa1jH9ctZX8OlvIQEhklAwTHM+7bKqrFsPGaVD67pM28uv3DfWbJK1nTZrboM6b+HTGTunKVjcbEoTFww70vyr6XB3VcW/WDH7zt/cQ0itrH+EMCMVQKr0KWbhoFfLH/fy7I+Xxr8IUqYgz+JezrbxEWxhtBD6IN7mcjPSmDoBBQcQ7+Di6//umv+hsU3XWIrsE7QeA1zMm6a1gSPWZl0WMZ3SuM04gfGPnjoUSGVwbfoByf5ehLExU4dbGdxw/UBe9xRmPWxPPx3yQba7eF28SSXKBel5wzpycR4XKPEfizqnuEMkJZM5diuLVW4km5UOMKV/fDAP7Sp90LRt2V5toz/Z8IayJ4QVLhGiHvhnBNjRHzM1YoVhO7HZGVND+7Ps0sZ/b6KsrH/e3T/HRJQcHQIuwdTEZ+BeZ6W67wIEP3nErfR/nLm4dHGcRCwif+abqs8zDCtLxpf8bjSnI1tPzXJg3qw/00sAaHHN2we5DyYeDAuO2BOEC31S8jYod4I96+LQWVXxMjlywOWfSBMZo23N2nP9y6xH3td26VKvMR+RURg/aHhH2vBtbRXNwcxKq2I4LqINtwnxLFMD8QEdWRI74ZDK9Sm3/f9Ir64Biz4t+SQgAQKAQWHR6EGAc7Vpyd+Md+wedjiUhnTwIXFw3qRhnI8+BAVBGl+qHTP5ds0Ao9v030arRXkpknuNOPhy0P7XqVnzfS6Ea9YRAhSRoRh+SKG4mIliwaLxUVK0OVe9ow4w+JDzAnWCjJxOI+4Nhap23LzEpBLYC5xHDv16yHImQaAiIzdrEp72ZOflcDgCSg4Bn8Le7mBW5QeJiyOb+U8SMYwsGZgAXhIsR7N2jMWJVxPPKR4CPIa2sBdRnwEbqCbNG6d+5esmXYfBGES20CMBK4H3BsXXdMmP1vEGYIChvyJKMMat6pLB6vJ3YtljzRwXF2zBi4Sgmf5k5cCY0031cuMg4CCYxz3uetd0iiNb/Y8eB6Q5JldL2AD8x1ZKp/Ocplg7SCehYdi3wauC8rMY7nAIoOrgoBHHsLEK/Divyk/Ty0PHvDEf9QYxAXhlpiMl0C0YKnA5bGOwV4RxEcXIYy1Zd7AJYKlCasIoob1OSQggRUJKDhWBOfH5hIgLoRARgaCg4cTgYzbPHhIE/g5GVfAw+rJzbfm13S0cVwUxOHwb/p8xVXRTs09IDuDnxH/sNfS8stsCbcQLg3OQJtOi/uo7XmDG4l+OLUGbhziLkh7vWUSapjMGwgbLFAIQyxPrM0hAQmsiYCCY00gvcwvCTy8idh/YvlmTIdY2spv+8Acf+zEJnlg4dN/fXmwkvHR1kChimv7d6wLfMMmzRQXBYO/Y0XgwUhsA+mbbaVQrA24M4grwJ1BcSletUvLz7p/xEPgVsAaQW8bYjM+WYJaKXJFbEb7+wVrySKxE+s4J7C4S7HIEGiK4Jg3Tin36cXFPYLrxyEBCVQioOCoBHbEl6U2A9kYmMb5xf+KEbCgrgPf2BEBi462KuWi7+/6fTTH4wGMS6HN4sBiRf0NAkN3GmRxvGzCyoI74sZJiL+oMXD3/GERFwi0eYMaMOyLPbyoxkK8pgQkMJ+AgsPTsU4CdIfFXE557J+Ub+1kIoxhbLqw2jKM+WZP9gYWCiwTCAusMpOujmWuN+u9uHgI6qQIFoO4HlwaCK29DiwXjyzNBBF78wZuLrJ+Xl4a/7VunL3O7+clIIEVCCg4VoDmR+YSIGOBkuUM6hyQtTGmwX5vW4qf3aa4Olapu7EMs7bwGp/BEsG3d1wwPNjbIEx+hqDo2mVAcCYWrvb3zAObANW/XWZzJX2W62DFwDVDLMpOgxolCKoTSiXUJafz7WsmwL0nU4kzSS0TvogcXzKY1jyVl+s7AQVH3+/QsNY3GcvwgsaEftdhLX/tqyWIk3TQtmpn24mXGA7+H9kfWBraQlKty4I/Zw1iJb6x9lXWveCfNDEpjypTEO8xWfJ71sw8nO5bin5hJdltwI+uwm2vl5oBqLutxZ//ggBuLcQF3aaJqZm2QhFM/VBhjY+AgmN897zmjvkF8/QyAYF4YwgYrclzW66NCGiLZ1Hqm2qk7cA9cp0S90P32zZ4dt7eqeBJiiyF5AhEtWT4Zk8Jwc3EalEIDpcq4mL/HZZE/M89i5Vjsyt39s4JKDg6R77VE96+KQCF0GDgLz9gq3fr5hYlgGWHwFEKan2rZDEhLuiAO6sHyeR1CfQkcBX3EK4SMmEcmyNAVhSVgwkCJtV4lhWKfkq4tCj+xr17U8m82tyqnbkXBBQcvbgNW7MIvt3Q66Md+N4JFnSMkwB1STCtUwKdVF5qgOw0sFZQlpyHFAGnvBybJUDQL+IQK9RhpZLu9IpagUH8Fq6tsQSKb/bODHB2BccAb1rPl/zcErvB2eLbKD55ghkd4yCA64ReJFSa3a2PDFVE31qanJFOTRl8R3cEqFGCOCDWiIBnMpa4fwgLOuHy75b/JuusHdSJ4V4RnMz9w3pRK925OxLO1AkBBUcnmEc1CVUdqbJJCWkG/SYome3YXgIEwN6qWDKowTJv8AAjaJQ4DBq8tZVHt5dMtzuj2Bol6qkki2UCoUC2Ehk+FJPDwkTMDIG2/L0tGEf68LzYGdKKeZHlhMUJt5ZDAisRUHCshM0P7UCAM4VpFf9uO/44yROktnUE6Ox6hxIEOqvg1peKL5/y7rz4JkyaMFkld9s6GuvfEEKBoMz9SnM8UkspLkeDQAQEAqOtc7JbLMys1WGtQEiQwo4Y3Kd8QaCsO2XeHRJYKwEFx1pxerFCgF+QdEQlWJBB1VH8+MZzbMcR4dsxGUkIyenxuSQvLS/Ku08OeqogUuimS/nzMQ3+LRALwUMdiwJuC8QCfYcIvMQy2FZkxcVB7xmyPlYdFHVD4DEXBd1IxUasEMhJnIxDAp0TUHB0jnw0E/LtC9N5a7blFyh+4cmg0tHA2JKNnrXp3fL4RkDSL2dycG9fkuSFu3RUbauMYv0iuHCoA7cQAuG00ssGNxJ7w4WBqMCtwevKM2pQrGPPpAOT7UOMFFYkarNQo4WiWmTzGDO1DspeY+0EFBxrR+oFJwjco/lG+w8T//2WRoTcQEKDJXCfpsbCMydWT9Dg40oq9G5VTHGzUYmWSqC33lAmA2m5FGLj9x4CgReddNsGeVgAsC4QTEn6J4M/cQPxOX6OyGjdGDVuJBk6WASJl8CFQrE06o4wr1k7NYh7zc4IKDg6Qz3aiZ4z5a+nrwWFgvAfO4ZF4M9LkzRWzTdsAoJ5QJJdwt95QGLKn+6XguXjzmWrCBT6zkwPqq3yTR1RgFWMjAmKRNFN95pJSLHl9xUCABcBbh067/Ktnvnajrq4LAhSPm95f/s7jj/b4mOboE5mB+uED24O9oc1gvHxprqqFVI3cVecs1MCCo5OcY9yMszP/ELlm2Q7VumpMUp4Pds0sQYEGBKjs9PgGzovxANuhjatEpH57RLHgHBAJPDNHVdNm9XUsy3vuJzJXjX8HRHBIJODdNN1NsMbEhfXKoGZBBQcHowuCGCy5kE1GQSHawUXi2NYBEif/N0mwPGY4ooY1upPv1qCWqfjHUgBxXrTjtYiwX+Txku8ikMCEliBgIJjBWh+ZCUCpE++aOKTROcTbGep6pVw9uJDxDbwog4HQcJYQKb7oeDymCwctcjCsYTgYqBeBG6VyYG1DDcLPyPzYnqQzsnPpgepnmTJOCQggQ0RUHBsCPxIp310CTJst0/Q4S13yWwYKapBbftiRUweMrXqh5UgU4IsD5wSmwgRhMU3i/tlUBt2sRKQwPIEFBzLM/MTeyNAlgPZDu3gW+dBG8pa2NtO/DRC4jalrkbbxAsRcWyps2HJa8+IBCTwSwIKDg/DJgjQf4GOk+2ghgD9NyhK5Og/AYJGH9Gkax5eMkXaFZPyiuuMLAyHBCQggdMRUHB4IDZFgPTYoycmp9bA7SwMtqnbsfC8f1bExuQHqFyJu4xGbA4JSEACMwkoODwYmyLAt+Q3lyJL7RpII0R0TJfE3tQanfcXBAgMfWSppTHZs4PaG/z/EwUlAQlIYDcCCo7dCPnzmgQo5sRDi6yDdlCngR4df1dzYq+9EIEbNdki9y2dYCc/QM2Jp5ZS5gtdyDdJQAISUHB4BjZNgLoOdA89cmohzyrfno0H6PYOna8RgbdopqQa6GSxNlaBRepJWjS6vSHOJoFtIaDg2JY7Ofx9TJbNbndDozcefMfPqMcw/B33Zwd0MkVkEFNz06llURjruaVfCuW5HRKQgARWIqDgWAmbH6pEgKwHioPxLXtyUOHxKVONwyotYTSXvXDJDCKt9fozdk2r9OeXFFera47mWLhRCdQjoOCox9Yrr0aAByHulOlv2lyNqqQPGHhr89Wo7P1TxMkcVRqjYc2gMuisQdv4ZzQ/f9Xep/QKEpCABP6fgILD09BXApTIxp0yWa+jXStNsvjZG0v3zb7uYZPrwlp0t1JWnMJqk4G50+s6oemLclwS/qTpmEMCEpDA2gkoONaO1AuumQBtzR+U5Cpzrss3cdJoqW5Jf5axjSOaJniHlb40hyahZ8gBu0CgAuhryov28m2X07Gxc78SkECHBBQcHcJ2qj0RuG6SezcdO+845ypks1CxlAJiT09Cn5ZtGZQQJ87i8kmuVv6kf8miAyZUAX1XkrfN6JC66HV8nwQkIIGVCSg4VkbnBzdEgM6kiI57lAfvvGXQFIwA1Bcm+UySr2xovctOi5XiqqXzKm6QKyY594IXObVpHf+1UtuEjBJardvPZEF4vk0CEqhLQMFRl69Xr0uABzJxCjykifnYaZBii/sFEfLOusva9eoIiFsnObgICgQGbdins3PmXYisHdq3Iy5OLlYdrDuILIcEJCCBXhJQcPTytrioFQkgPnC9kI2x28ObCqcID9wN709ChdMaMSB3LRYKCpzdqQnOvPSCe0OAfCMJ6amssRUXrJWOrA4JSEACgyKg4BjU7XKxSxDA6nGNYkE4ZsHPYQUhzoFMDQQJ/00Q5plKtscp5TqIB2Iofpzk58XCsk9Tjp3+MJdt3DiXKlkh51pwXt7GtT+c5GMlCBbLxXeX+LxvlYAEJNBrAgqOXt8eF7cmAlg7rl5eiJBDloiLmF4CVod997Auaokgaj5fskPIEqHbqkMCEpDAVhNQcGz17XVzOxC4XBEepJTihrlIBVoEq5IdQqXOjyY5qZLbpsLSvaQEJCCB9RJQcKyXp1cbNgFECFkhBxbXyP5JzlpcM7N2RmzFaSXW4iPFxULwJgGd1AZxSEACEpBAIaDg8ChIQAISkIAEJFCdgIKjOmInkIAEJCABCUhAweEZkIAEJCABCUigOgEFR3XETiABCUhAAhKQgILDMyABCUhAAhKQQHUCCo7qiJ1AAhKQgAQkIAEFh2dAAhKQgAQkIIHqBBQc1RE7gQQkIAEJSEACCg7PgAQkIAEJSEAC1QkoOKojdgIJSEACEpCABBQcngEJSEACEpCABKoTUHBUR+wEEpCABCQgAQkoODwDEpCABCQgAQlUJ6DgqI7YCSQgAQlIQAISUHB4BiQgAQlIQAISqE5AwVEdsRNIQAISkIAEJKDg8AxIQAISkIAEJFCdgIKjOmInkIAEJCABCUhAweEZkIAEJCABCUigOgEFR3XETiABCUhAAhKQgILDMyABCUhAAhKQQHUCCo7qiJ1AAhKQgAQkIAEFh2dAAhKQgAQkIIHqBBQc1RE7gQQkIAEJSEACCg7PgAQkIAEJSEAC1QkoOKojdgIJSEACEpCABBQcngEJSEACEpCABKoTUHBUR+wEEpCABCQgAQkoODwDEpCABCQgAQlUJ6DgqI7YCSQgAQlIQAISUHB4BiQgAQlIQAISqE5AwVEdsRNIQAISkIAEJKDg8AxIQAISkIAEJFCdgIKjOmInkIAEJCABCUhAweEZkIAEJCABCUigOgEFR3XETiABCUhAAhKQgILDMyABCUhAAhKQQHUCCo7qiJ1AAhKQgAQkIAEFh2dAAhKQgAQkIIHqBBQc1RE7gQQkIAEJSEACCg7PgAQkIAEJSEAC1QkoOKojdgIJSEACEpCABBQcngEJSEACEpCABKoTUHBUR+wEEpCABCQgAQkoODwDEpCABCQgAQlUJ6DgqI7YCSQgAQlIQAISUHB4BiQgAQlIQAISqE5AwVEdsRNIQAISkIAEJKDg8AxIQAISkIAEJFCdgIKjOmInkIAEJCABCUhAweEZkIAEJCABCUigOgEFR3XETiAG0yGWAAABJ0lEQVQBCUhAAhKQgILDMyABCUhAAhKQQHUCCo7qiJ1AAhKQgAQkIAEFh2dAAhKQgAQkIIHqBBQc1RE7gQQkIAEJSEACCg7PgAQkIAEJSEAC1QkoOKojdgIJSEACEpCABBQcngEJSEACEpCABKoTUHBUR+wEEpCABCQgAQkoODwDEpCABCQgAQlUJ6DgqI7YCSQgAQlIQAISUHB4BiQgAQlIQAISqE5AwVEdsRNIQAISkIAEJKDg8AxIQAISkIAEJFCdgIKjOmInkIAEJCABCUhAweEZkIAEJCABCUigOgEFR3XETiABCUhAAhKQgILDMyABCUhAAhKQQHUCCo7qiJ1AAhKQgAQkIAEFh2dAAhKQgAQkIIHqBBQc1RE7gQQkIAEJSEAC/wcTXv8GQipfrAAAAABJRU5ErkJggg==', '2025-07-28 09:35:49.263+00', 'Home', 'Johan Testing Company', 'partnership', NULL, NULL, NULL, 'https://wtfnnkrmvpmmsvciejmv.supabase.co/storage/v1/object/public/documents/brand-photo_896d0d8b-6bc1-4ff7-b9bf-6d8624b1ea47_1753695327616.png', 'https://wtfnnkrmvpmmsvciejmv.supabase.co/storage/v1/object/public/livestock_affidavits/affidavit_896d0d8b-6bc1-4ff7-b9bf-6d8624b1ea47_1753695318859.png', NULL, NULL, NULL, NULL, NULL, NULL, NULL);


--
-- Data for Name: approval_actions; Type: TABLE DATA; Schema: public; Owner: postgres
--



--
-- Data for Name: audit_log; Type: TABLE DATA; Schema: public; Owner: postgres
--



--
-- Data for Name: companies; Type: TABLE DATA; Schema: public; Owner: postgres
--

INSERT INTO "public"."companies" ("id", "name", "admin_user_id", "settings", "created_at", "updated_at") VALUES
	('2ad18569-8b90-4a96-9a81-aec895fcb795', 'Test', '88edeea4-8d67-4c70-bd31-54a029613287', '{"phone": "", "address": "", "description": "", "registration_number": ""}', '2025-07-28 06:02:51.837741+00', '2025-07-28 06:02:51.837741+00');


--
-- Data for Name: company_user_relationships; Type: TABLE DATA; Schema: public; Owner: postgres
--

INSERT INTO "public"."company_user_relationships" ("id", "company_id", "user_id", "relationship_type", "status", "invited_by", "created_at", "accepted_at") VALUES
	('b485d869-2bcb-40ef-8ab9-0b232e221c4b', '2ad18569-8b90-4a96-9a81-aec895fcb795', '4e425b1b-695e-4f6d-a166-28749e1f52c5', 'seller', 'active', '88edeea4-8d67-4c70-bd31-54a029613287', '2025-07-28 06:17:32.353711+00', '2025-07-28 06:17:32.353711+00'),
	('bc07e582-5bfc-43de-b95c-8e671f9c9c69', '2ad18569-8b90-4a96-9a81-aec895fcb795', 'ff93d93b-d371-4164-a3ce-8c5998d6754e', 'vet', 'active', '88edeea4-8d67-4c70-bd31-54a029613287', '2025-07-28 06:28:36.668163+00', '2025-07-28 06:28:36.668163+00'),
	('394edc08-c569-4ccd-9451-37adc00704cf', '2ad18569-8b90-4a96-9a81-aec895fcb795', 'db25842a-f819-4390-a560-08bff6e349d2', 'load_master', 'active', '88edeea4-8d67-4c70-bd31-54a029613287', '2025-07-28 06:30:04.662331+00', '2025-07-28 06:30:04.662331+00'),
	('7f689e7c-4293-4d5e-b41e-408e3b817dbf', '2ad18569-8b90-4a96-9a81-aec895fcb795', '73a17732-b6f0-46de-9f1f-4fc503914341', 'admin', 'active', '88edeea4-8d67-4c70-bd31-54a029613287', '2025-07-28 06:38:38.870467+00', '2025-07-28 06:38:38.870467+00'),
	('60da3894-6491-40f7-8034-b97ea5216537', '2ad18569-8b90-4a96-9a81-aec895fcb795', 'b6899180-3d7c-457a-b62a-359370431fd3', 'seller', 'active', '73a17732-b6f0-46de-9f1f-4fc503914341', '2025-07-28 07:16:53.845723+00', '2025-07-28 07:16:53.845723+00'),
	('2972f7b9-7543-4807-9571-574819016b94', '2ad18569-8b90-4a96-9a81-aec895fcb795', '77846881-b679-47a7-b910-6ea3fbf2cd12', 'seller', 'active', '73a17732-b6f0-46de-9f1f-4fc503914341', '2025-07-28 07:27:46.736119+00', '2025-07-28 07:27:46.736119+00'),
	('54f7c3b2-af87-4a26-9739-8a007087dfb4', '2ad18569-8b90-4a96-9a81-aec895fcb795', '970fe15e-4cf4-46f0-b66a-805cef1abace', 'seller', 'active', '73a17732-b6f0-46de-9f1f-4fc503914341', '2025-07-28 07:34:30.670086+00', '2025-07-28 07:34:30.670086+00'),
	('6714f062-6a8b-4ee7-85d0-f636b8994f13', '2ad18569-8b90-4a96-9a81-aec895fcb795', 'a8600d90-c230-4cf7-a870-4f941cbfd1e2', 'seller', 'active', '73a17732-b6f0-46de-9f1f-4fc503914341', '2025-07-28 07:43:43.819515+00', '2025-07-28 07:43:43.819515+00'),
	('6acdbba5-ff38-49aa-b4ae-de9e79354708', '2ad18569-8b90-4a96-9a81-aec895fcb795', '93362547-84a1-4c1e-80c8-448d54d7b9c1', 'admin', 'active', '73a17732-b6f0-46de-9f1f-4fc503914341', '2025-07-28 09:18:37.812831+00', '2025-07-28 09:18:37.812831+00'),
	('ece571cd-eaa1-4c50-a0f2-b3f8aaeae9cc', '2ad18569-8b90-4a96-9a81-aec895fcb795', 'c285e2cf-33ef-4cdd-8a1e-fc3f50afc0e4', 'seller', 'active', '93362547-84a1-4c1e-80c8-448d54d7b9c1', '2025-07-28 09:22:40.846705+00', '2025-07-28 09:22:40.846705+00'),
	('d0a5863d-8f06-43a0-9bbf-80bba28012a6', '2ad18569-8b90-4a96-9a81-aec895fcb795', '3984c0a6-2a8c-40fc-94d8-989a49b7557c', 'seller', 'active', '73a17732-b6f0-46de-9f1f-4fc503914341', '2025-07-28 09:34:19.638331+00', '2025-07-28 09:34:19.638331+00'),
	('1a633b2e-f92e-4a16-87fe-a48400ee79a2', '2ad18569-8b90-4a96-9a81-aec895fcb795', '896d0d8b-6bc1-4ff7-b9bf-6d8624b1ea47', 'seller', 'active', '93362547-84a1-4c1e-80c8-448d54d7b9c1', '2025-07-28 09:34:55.375948+00', '2025-07-28 09:34:55.375948+00');


--
-- Data for Name: farms; Type: TABLE DATA; Schema: public; Owner: postgres
--



--
-- Data for Name: livestock_listings; Type: TABLE DATA; Schema: public; Owner: postgres
--

INSERT INTO "public"."livestock_listings" ("id", "seller_id", "owner_name", "bred_or_bought", "location", "weighing_location", "loading_points_1", "loading_points_2", "loading_points_3", "loading_points_4", "loading_points_5", "total_livestock_offered", "number_of_heifers", "males_castrated", "mothers_status", "weaned_duration", "grazing_green_feed", "growth_implant", "growth_implant_type", "estimated_average_weight", "breed", "status", "created_at", "updated_at", "livestock_moved_year", "livestock_moved_month", "loading_points", "is_loading_at_birth_farm", "livestock_moved_out_of_boundaries", "company_id", "assigned_load_master_id", "loading_completion_data", "reference_id", "truck_registration_number", "responsible_person_name", "responsible_person_designation", "breeder_name", "is_breeder_seller", "farm_birth_address", "farm_loading_address", "livestock_moved_location", "declaration_no_cloven_hooved_animals", "declaration_livestock_kept_away", "declaration_no_animal_origin_feed", "declaration_veterinary_products_registered", "declaration_no_foot_mouth_disease", "declaration_no_foot_mouth_disease_farm", "declaration_livestock_south_africa", "declaration_no_gene_editing", "signature_data", "signature_date", "signed_location", "additional_r25_per_calf", "affidavit_file_path", "affidavit_required", "assigned_vet_id", "invited_vet_email", "livestock_type", "number_cattle_loaded", "number_sheep_loaded", "invitation_id", "profile_id") VALUES
	('ae8f5cab-a807-4c69-8572-215f4541d63f', 'a8600d90-c230-4cf7-a870-4f941cbfd1e2', 'Seller4 Seller4', 'BRED', 'JC|JC|JHB', NULL, 0, 0, 0, 0, 0, 10, 0, true, NULL, '', false, false, '', NULL, NULL, 'loading_completed', '2025-07-28 07:55:53.993863+00', '2025-07-28 08:25:01.514304+00', NULL, NULL, '"[{\"birth_address\":{\"farm_name\":\"JC\",\"district\":\"JC\",\"province\":\"JHB\"},\"current_address\":{\"farm_name\":\"\",\"district\":\"\",\"province\":\"\"},\"loading_address\":{\"farm_name\":\"\",\"district\":\"\",\"province\":\"\"},\"is_current_same_as_birth\":true,\"is_loading_same_as_current\":true,\"number_of_cattle\":4,\"number_of_sheep\":4},{\"birth_address\":{\"farm_name\":\"JC\",\"district\":\"JC\",\"province\":\"JHB\"},\"current_address\":{\"farm_name\":\"\",\"district\":\"\",\"province\":\"\"},\"loading_address\":{\"farm_name\":\"\",\"district\":\"\",\"province\":\"\"},\"is_current_same_as_birth\":true,\"is_loading_same_as_current\":true,\"number_of_cattle\":1,\"number_of_sheep\":1}]"', true, false, '2ad18569-8b90-4a96-9a81-aec895fcb795', 'db25842a-f819-4390-a560-08bff6e349d2', '{"geolocation": null, "completed_at": "2025-07-28T08:46:32.392Z", "completed_by": "db25842a-f819-4390-a560-08bff6e349d2", "loading_notes": "wefgwrgwgwrg", "actual_loading_time": "2025-07-28T11:46", "livestock_condition": "wrrfgwerwegfwe"}', 'KBMQ6XUPL_', 'wfwefwefwe', NULL, NULL, 'Seller4 Seller4', true, '{"farm_name":"JC","district":"JC","province":"JHB"}', '{"farm_name":"","district":"","province":""}', NULL, true, true, true, true, true, true, true, true, 'data:image/png;base64,iVBORw0KGgoAAAANSUhEUgAAAcgAAAC2CAYAAABd/h3vAAAAAXNSR0IArs4c6QAAH3JJREFUeF7tnQe4BFV1x48UBRuKgGAJikFFmgU7IUpQRBRQWhLsiiUxCBpbjBFbBIwtiSgQIgaCLYkSUKPGgDVYENAQjYWiIiIiGMQCCplfPCvzLbM78/btvt3Z+zvf975Xdnbm3t+dt2fuvef8z01Ck4AEJCABCUjgRgRuIhMJSEACEpCABG5MQAfpXSEBCUhAAhJoIKCD9LaQgAQkIAEJ6CC9ByQgAQlIQALdCDiD7MbJoyQgAQlIoDACOsjCBtzuSkACEpBANwI6yG6cPEoCEpCABAojoIMsbMDtrgQkIAEJdCOgg+zGyaMkIAEJSKAwAjrIwgbc7kpAAhKQQDcCOshunDxKAhKQgAQKI6CDLGzA7a4EJCABCXQjoIPsxsmjJCABCUigMAI6yMIG3O5KQAISkEA3AjrIbpw8SgISkIAECiOggyxswO2uBCQgAQl0I6CD7MbJoyQgAQlIoDACOsjCBtzuSkACEpBANwI6yG6cPEoCEpCABAojoIMsbMDtrgQkIAEJdCOgg+zGyaMkIAEJSKAwAjrIwgbc7kpAAhKQQDcCOshunDxKAhKQgAQKI6CDLGzA7a4EJCABCXQjoIPsxsmjJCABCUigMAI6yMIG3O5KQAISkEA3AjrIbpw8SgISkIAECiOggyxswO2uBCQgAQl0I6CD7MbJoyQgAQlIoDACOsjCBtzuSkACEpBANwI6yG6cPEoCEpCABAojoIMsbMDtrgQkIAEJdCOgg+zGyaMkIAEJSKAwAjrIwgbc7kpAAhKQQDcCOshunDxKAhKQgAQKI6CDLGzA7a4EJCABCXQjoIPsxsmjJCABCUigMAI6yMIG3O5KQAISkEA3AjrIbpw8SgISkIAECiOggyxswO2uBCQgAQl0I6CD7MbJoyQgAQlIoDACOsjCBtzuSmCOBG4aEQ+JiLtExFci4qw5tsVLS6CVgA6yFZEHSEACExLAEd4/IraNiC0jYs+I2LR2rr0i4tQJz+3bJDBzAjrImSP2AhJYagL3iYirIuKbVS8Pj4gfpBN8Ss4Ux3X+fyLinktNx871moAOstfDZ+MlsCoCD4iIjSJi8DlwRUTcPb+ui4hfpZO7U/58fUSsHxEPioifRMQdOl79wmr2+IWI+GVEHBAR6+b7Xlv97c87nsPDJLDmBHSQa47cC0pgJgR2jIifR8Q90nFtEBGbRMQO6ZDuGBEcM7AfRcTGM2gJzvCMPO/xEfFfEXFlRNw1Ij4bEZvnazjM3SLif2fQBk8pgakQ0EFOBaMnkcDUCfx2RGyY+3e3jYj1cvZGkMuPIwKH98CIYNbHvt4tp9CC70XEN2rnuTwd2O3zbwTVMKsc2GURcXYuq/I3llmb7DYR8bmcmfI6571vRHx7Cm32FBKYGQEd5MzQemIJ/IYAM7nt8zdmdDgMHA1OkOVLljNZ7mT5kp/5unVHfjg1ljuxS/I7s7hrI+Li/J0Z3Dn5M39jz/D7Hc8/jcM+ERG75Il+Vjnhg6rZ7PuncWLPIYFZEtBBzpKu5y6FAE6Or4fldwJPmPH9bgLAgU0yw/t0bcbG7Ozr6fRwiuwHsqR65gJDhsEpEfHobCN7kK+OiFctcJttmgR+Q0AH6c0gge4E7hYRD84gFfbS7p3Lm22zPZYU2YvD2Pv7cs1xsmyJs8POzSXT7i1a3CMJ4ME57pRNvCYiTqwc/MG1/i5u622ZBGrRa8KQgARuIMAyKOkLW0XEQ3O/DCc2KqiFmR3Lm1+KCPblPp8zPxwhDrE0u3O133hyROxc6/gbqmXfl0XEL0qDYX/7S8AZZH/HzpavnsB2EbFFRPD9dyKCD3ac4ihH+J8ZiUk0Jo6PZc/vrr4ZS3WGbapZ9keS5aBjJ0XEk5w5LtU4F9EZHWQRw1x0JwmQYTZI+gP3O8EypByQyze8L0gEJ0uBF0XEFzN376sR8a2iCXbrPLmNT4yIozP6dvCul1a/H6lz7AbRoxaLgA5yscbD1kxOgFQIgmSYBbInSBoBS3x1abP62UmPIEWB9IP/ztngIge8TE5m9u+8WUS8rko/Oax2KWbYR1Rj8cah1JDZt8YrSGBKBHSQUwLpadaMAIExj8yrkRNI0Ay22YgW4PyInjw/Z4XsDxIYU+Le4CwGaffqIeStVQAOAUx127WK4j19Fhf0nBJYKwI6yLUi7XVWQoAZII6QRHhmhVSBQHWlzc6LiK9l6gOzQdIktNkQQMTgudXS6Ssi4ha1S5Dz+NSIuGA2l/WsElg7AjrItWPtlW5MACfIzG/rdITcj/t2AMWHMFJl5Bd+JpPgf9jhfR4yHQJU6TihlufJWYlOfV8VtPQMI1WnA9mzzJ+ADnL+Y1BCC4gKRTWGwBjy4yh/xO9tlRzIHWQWiOoL33GKanfO744hEOfQDLoZCI7TGiTjXlyN57vn1zSvLIHpE9BBTp9p6WfEGRLST7AM6RPUAySAZpyxT0hdQPYF2SPkA5c9Q21xCPBwc0yKn9db9dGI2N8Hl8UZKFsyPQI6yOmxLPFMpE/cvBKf/pOsHIEzHKcqw74gOqHUAcQRkkM4UJUpkV8f+kxVkJdUkagvryTi1qk1mMAnaj4iCDBQAupDf2yjBDoT0EF2RlX8geQP8gH5mAyeYYmUpPBRNogWxSEiTF2vElE8zJ4AYD+Reo1bDrWXh5onVPvFX+lJP2ymBCYioIOcCFsRbyKAhghSZhCPz6XSpo4TKIPEGjqi36m0N0+LCJLrtf4SoGjy36W6UL0XzBoPqUptHZepM/3toS2XQAcCOsgOkAo5hMoTOEJyDMcFz7BMSjUJZoWE8hNFqi0HAcpwPadKq/nLhu4gs8eSKrqzmgSKIKCDLGKYGztJgj1liEjoJuF+1OzwY7lPyLIaARmD2oPlklvOnj82Z41NggvvjYgXWuB4OQfeXo0moIMs4+5gmfRR6QgR5SYiscl+kPtKiHEjOO3scPnvD3IaUcIZ1Gys95jcRpL+/ykLMC8/DXsogRoBHeTy3g5Ifz2/cnKPyET8pp4SSEPS/SdzuRQlGq0cAs+KiLc3dPe6zGlkudW803LuB3s6REAHuTy3xEapYrJXCnU3VbDHAbKXxBeJ9+4nLc/4r6QnFDE+vBJe2LPhTSyl/1kVlPXBlZzQYyWwjAR0kP0d1VtlUM1+mXbRVLUCJRoqVhBlynIpSjRauQR4aELtpskxQuU1WX2DSieaBIonoIPszy2AMg2apbtkYn5TUV/0SKljSIFavpOQr0kAAqjdvDml/oaJUO/ygHyQkpYEJJAEdJCLeyugV0qRX5bDyEnco6GpPOlTugmRaGaJOEVNAnUCj8t9xqbo1MszrYP7R5OABIYI6CAX55ZAmYZ0i/vlkimlnprsw+kU/8N6e4szeAvYEtI2yFskt3XYro6Id1YygUdVUaoXLWDbbZIEFoKADnJ+w0ANPfaC0DPFMbJ02mQsmx6fSjWfSv3S+bXaKy86AaKXqdH4xBENJWUDXVXqZmoSkMAYAjrItbs97lRJsT09Z4fkIY6qcEFFC4JpWPZCrYbfNQm0EWBJHsd34IgDL8n7jxUITQIS6EBAB9kB0ioO2S2LyiLjRoL+KEO+7XPVnuO78vsqLulbCyPACgRpGUQzNxkrEOiqspxqdGphN4fdXR0BHeTq+A2/mw+r3ascQxzj74059TcrzVPUashHZC/oZ9NthmdbcgJopuIUkX8bZZdWJcj+NiL+QYm4Jb8b7N7MCOggV4f2oJwhEkLPh9YoY3nrjFSsQbWGAsGaBFZKgPJih0XEwWPeSI1N0jlOjAikAzUJSGBCAjrIlYHbt8oxJNqUCMGHjnkr8lynV8cg9P1xAyJWBtmjb0SA/WsqbIwKvOENpPkcExEIi18pQwlIYPUEdJDtDPfJcPm9Ww7FISLPRaQpGqeaBFZLgHuPgsWk/jQZ6RqIyr8j63Cu9nq+XwISqBHQQTbfDgh8I+TMjHGcIfT9r5mG8WPvLAlMgcDN877704jYYcT52LvmgQyhcYpUaxKQwAwI6CBvgLpzVQj4mS3LWNRCJPWCWeIp7vHM4I4s+5QEd6GHOkokgiXUf8m6nGWTsvcSWAMCpTtIEvTJTfz9KgyeJ/cmQ8/0PRHxz1k4eA2GxUsUROB2EfHKXMZHPGLYvpIpGv8eEd8viItdlcDcCZTqIJHgetqY3ETkt8hJxCmqbzr323QpG3DXiPiLiCASev2GHrK3+JZqNmli/1IOv53qA4GSHCQfSH8UEeztjLI35RIWtRI1CcyCAPuKL8tI6A2HLnBNRCAFR45jCRqpWyaH5yYHuPBQqklgIQiU4CCJAOQDp0m0mUEg4AGlEfYUqW6gSWDaBPg/IyL1Sfl9+PwX54oFqRwlqN2wnfHsiHhdlb5y0xoM6pduP234nk8CkxJYZgf5yIj4w4h48gg4/5j/oOdNCs/3SaCFAHq7CIc/b8Rx34iIv4mIoysd1V8VQJMc4hfkvn/TsrIOsoCboE9dXEYH+fB0fE2RgN+OiL9KeTeS+TUJTJsAs6OXpjbqPUecnIAbIlJZtbh22g1YwPPBgf1WguFGfeYQjMTDBFHimgQWgsAyOUiUbV5Vybnt2kCWfEWe0lEZ0SQwCwLsLR6Ss6Om81+VyfxHFBQNff+I+OtKQIPv646AjuwiAXOI9WsSWCgCy+AgmTGyud8kDv6hVCI5e6Go25hlIbBJLRJ14xGdYhkVwfC3FrK/CAYq17C9wT7jKGOmiJg6hb81CSwkgT47SFRuXhQRD2gge2xqV5YQCbiQN9aSNmqdTOLfOh0jxYlHzRZRWDopFW9+saQ8hru1RTVTfHUlxn9ARNxqRJ9hwkoPDw6aBBaaQB8d5KER8fxK3u3ODWSJRmUJ61sLTd3G9Y0A9Tx5IEMsfFzVFhSWjs+l/JJKmBF8c3gy2mDE4J6aD7Rf69vg295yCfTFQfJPx4cTM8Nh+2lE/H31xPqGSo3kwnKH0p5PmQCzIfLzEJW4w5hzs3eGWDjCEqUFfhEIR14xKVTMroftlymLh+C62xxTvkE93ewJ9MFBEhZO5OmwIbtF4A2CzZfNHpVXKIDAppkWxBIquryj7NyIeFtW0ijtoYzUlSOrCFyKg+80hhGVbZDQ+0IB941dXFICi+wg2ehHA5Un+bpRfPi4XMoibUOTwGoI3CUVlhCrv3uVl4g2apOxn/2+TEP47Gou2MP3ovjz6Nx33W7EbHHQLbSLCc4hcvz6HvbVJkvgNwQW0UH+QT6dbzQ0TlTSYHP/9Y6fBFZJALWWAyOCsmb8PCz5Njj99/JBjLzFT67ymn18+6Mi4hnVLHDPam9/1N7ioF/sv748HWMf+2qbJXAjAovkIFnSQit1x6FWXpolgN5ZqXCQS6ZJYBICOMOnVuLzjxkTYcl5mQGdlhGo50xyoR6/h9kzylPkFO9SpWGQxjLOrstlZrZATNfo8cDb9GYC83aQPJUSlfqSiBieMdJi0jhYTr3SAZTABATIkWW5j7SDccbqBNGn1FosbaaI8g85xMwUqUc5quzbMD8KNhPZW4J27AS3nm9ZBgLzdJBopaLcf8shkFdnUvVRiocvwy225n1g75oPe4TBxxmpQB/Ife4SA0kIsuHhYa8q0G3zjqPEkjPBSSdXfM/v+B4Pk0BvCczDQf5WRLwxnz6HwZ2YEatf7i1RGz4PAsxkHpe1Fcddn9qe6J+SxF/iPUZaBkuoT2hZZq4zJFWDNBYCk1h6/uE8BthrSmAeBNbSQVKP8bXVHg9BOMOGRioKHKj5axJoI8Dsh2XBPUZo79bff0ZEEGTDPVaiesu2OaMm4GaUeHoTb7Y1EA9n6ZlVHU0CxRFYKwfJ0z3FiCmQWjccIhXVS3yaL+5mW2WHB4EjD8plwXGn+0g6RPYUS9y/Zj+fZWYUp8aJHDQxPCGXnf9tlePl2yXQewKzdpDsL/IUetiQmj8yXJT7oWDqD3pP0Q7MigB5iewlUk9xeK+6fk2KXvOBzneUbUpTtIEFfJ41oVNEcIP6qKXld87qvvW8S0Jglg7yThkqj45l3djcZw+EDzNNAnUCRFBSBYKUH0okjbPPRwT6nnywX1AwRoKS/ria9W1TReFScquLoTxFFCqpU1S80SQggQYCs3KQJF6TF8VyWN1QIqH2G2H1mgSo+MASOyot7JVtNQYJ9wz3z7tzplPyPcRWBUWZYTduZj2Mk1k2ATcfLXTp2f84CayIwCwcJFGq/CPyRFs3RADQTVV+akVDtDQHE6R1sypgBkk3AmxI2P9RJTTP/dJkl1eRzlSZZ3+a5XgK65ZsPEDsFxH758NEVxYEKTHLRkzdYJuu1DxOApWY8LQdJMobZ0ZEvU4eH4KE4fOPqpVDYJ+IeGwlKL9ZqrLcukPX2ZumuDD5sR/rcPyyH3Kv3I7AKVJSqqshdgA/WKpX3JWax0lgiMC0HeRZVY7ZfWvX+G7qXVoDroxbj6V19g+fnhqn43p9bXVvfCaXS9mPZqZY+of5HfPhkn179ukJUupqzLY/HBFEoX6165s8TgISGE1gWg5y3dRkZOmsbuReEXKvLTeBh2X0JKkYG4/oKhqnOED2pgkQIdpUi7hFihzwUAHHlRgsUQNC/KD0h4uVcPNYCXQiMC0HSTVx0jkGRu4Z+pcuk3Uaht4fhDISqTx1Y4b46VRf4QMcaTft1wRwintHBMvQLJ+uxBA7YAmamSIPHZoEJDAjAtNwkCjjoM04MD4YER/nQ1Mrg8Bw4BVLfYw/Cjbarwmge4oz3HUCIDxgMOPme+nBShPg8y0SmIzAah3k7fMfdrCshm4j0lR8GGjlEGiaQdJ79qB5WCKKsjQjjxOHOEhhWWn/P5gpLSyhlpzSslJuHi+BqRFYjYNk3/Hj1X5SXQgAJQ6WjhQ0ntoQ9eZER0TEi0e0lqR+qrOwNLjMdr+M3H3BCvMTYQIj+BAFTrCbKRnLfKfYt14QWI2DZM9psIzKEhu6qohHX9yLntvIWRBg/FHCIQJz2H5V7b29PhPcZ3HteZ2TfE5qmhKgRH3TrjaQx2OflihvSklpEpDAAhGY1EEiPs6yGWH9GA6Sv7FHokkAjV3uh3s0oKAA9it7/CCFEPgLK6nE3asApJ1WMNSstrA3y+yQh0lXWVYAz0MlMA8CkzhIcrVYDhpUCWDfkSKqh8yjA15zYQncOSJeXjnCgxtaeFFWr//mwrb+hoahKUxf2Fdn+wAH2cUowkw6C44RaTdNAhLoGYFJHCQzAErpDIylIvIdS6yg0LPhXvPmsk+9W0oM3mXo6lRxYZa5iBUkuL8RAUfJpm2WSAANfUD0YPD18zUn7QUlIIGpE1ipg2R/qR6RyL4Jyc0lFqKd+mAs8QlxNMieEcQybFSUQHj7kjn2H/UnaifSvi5FhUm5YIZ4koIHcxw1Ly2BGRNYiYNkmensiLhdtumaDMhY9sjEGQ9BMae/aeZFMjMbNh60rsilSHRESXEgn3ZWhmA6kaY4RO7rUYY27LlV7iJtujRniCoAzWpUPK8EFoxAVwd526zfOAi6uC4jEl9W7TMRnahJoAuB9SLiNWPSQQbn4P4ih5KkeKp6oMzEz7wfZ0qgyy86Rn5SY5Kiyw/P8mujqocMrk0lGpwgThEpN00CEiiUQFcH+YZcghpgek9EUL6KSh2aBFZKgLJNRLqupEJF0zV+GhGsZFyYX+yDfz0F87eIiE1brsH7P5HLpThEnPCsl3px0ER/89DJgwB2Vf6N/0ecvyYBCSwAgS4OEiGAeqkqolYfYfmqBRi9fjdhncqpPaWqPHFgyq8xO1wrwwl+PxVqcLC0BeOBj6oYrIrwv8EXTowvZqKo47D0y99JbeJ/YSCzx8+chyLhvM4Md3AOzt02cx30Hf3iR64VCK8jAQmMJtDmIBFVRtljuzwFEXvH5v6NXCUwLQKkUjw5I0dJI0LCkNlfiUb1G6LCNQlIYM4E2hzkc6qCt0dnG3lCJkiHAAeeujUJzJrAQ7J8Fio1pItQH7FL4eVZt2u156cKBzNYvkgJoVQVs1SWWt/h1sVq8fp+CUyHwDgHyQcREljs5WBIyOEwT53OpT2LBBoJEExzn7zv+LkpNaT+RqJMUabByQwe3Fjx2CQPIm2DGeks7IKhOow8QP44L1T/GWEEjtUkIIEeERjnIJ8XEW/OvvCUS3Qfid2aBKZJgNxaoqO3zMoXbUur7IejUENwDV8rtc075joOn5foWQKANAlIoBAC4xwkMmB3Sw4EHBCsYw5YITfGjLqJKs1ds5g2+bQPyOLBoy5HVCkybdx3SLZdNqN2eVoJSEACNyIwykHyRM/yKkbUHrPHveQngRUQQKv33hnVyVIpUnME44wzZofo/KLMxD1HLqQmAQlIYC4ERjnIF1V5WUfWWnRQFSBx8lxa6EX7QoDZ4dZZJJj9vybFnOG+vD8ivly957xK8/S0SkAA5RpNAhKQwEIQGOUgkY97fK2FLIuRjK1JAAIkuj8tl0vRMWUpvi3PD0fIniHfEfdm+VSTgAQksLAERjlIou4GH3g81VPiZ5bamAsLyIb9PwHSLdiDZoa4b4dUCxRqkGlDFYbvqNRoEpCABHpFoMlB3iaFowcdoWoBwRRaGQS2yUT1jSPi6SmJtsGYruMMSWn4dKV5en5EsGxqME0Z94q9lMBSE2hykA8eqtF3QkQ8dakplNk5pNMIxqLKxh6V8PczIwJHiEboOKPmITVAmR2y0sDPmgQkIIGlI9DkIPfJWcCgs1RfoDK81m8Ce6dkIPvJBNCQZjEoXdbUM4S/ScJnvxAnSCI+M0VNAhKQQBEEmhzkodWe45tqvUc95+1F0FiOTjIz3Db3kHGEpFjs0NI1lkQ/lGovOMVvpWj3chCxFxKQgAQmINDkIN9SaUEeUjsXGpgkaWuLSYA9QxwhaRY4w7YSUswGkUP7VBYwJu9Qk4AEJCCBIQJNDvKUIVEAQvgJvtDmTwA5NmaDRJTiEPmi4kqTETzDfiEqNEQi8/Mk0mzz77UtkIAEJDAHAk0O8pxqD3LHbAsfrLfK+nhzaF7Rl0Rwm9kgwt3UGKQW4agAGvYGcYSXRgQSgcwSWSbVJCABCUhgQgLDDhJneEVErJvnQ5yZSEdt9gSYGfK1a2qVNs0MvxMRX8w0CpwixX2ZGWoSkIAEJDBlAsMOkuAOSgcN7F1VBQOqLWjTI8ADB5qkOEP2Dlk2pbRY094hpcXIL0TFiFkhDlKTgAQkIIE1IDDsIJ9d1c57W+26pHeQ5qFNRgBnyNIogTQPzNqGCDEMG8ujlFNiRviljCZFkk2TgAQkIIE5ERh2kMdkwvigOQSDKBPWbXDYK6SW4UNzzxCHiERf3QicQZmIyFEEulnCNtG+G1+PkoAEJLCmBIYdJEt4g5JEV0XEZhFBsWTtBgJo1G5VObbdM5gJRqOq3rM8igM8MyIIfjIa2DtJAhKQQE8I1B3kzSLiypQbo/kXpCPoSVem3kyqVLA3+LBKcHuXZMF+YZNdncEzqM8w48Yx4hQ1CUhAAhLoKYG6g6SgLU5xYMcNLbf2tIutzUaInTSKX2YEKTPCcbUMmQUiu8bM8PR8qGDZVJOABCQggSUiUHeQzJT4wB8YEa3LULPvXrlUTLDMHTNghjzP27eMI2kUzAhxiIgnEESjI1yim9+uSEACEhhHoO4gD4+IV+TBpBUgat0HIxBmi3R+OHWWigku2jl/Hleqif6xFHpJFvIlx5B9WPRINQlIQAISKJhA3UHuHxHvrbFA1/OMBWJD3uD2EXFdCnGzNErkaJsjJ4WCPUK+MyMkgpRzoDRjXuECDbBNkYAEJLBIBOoOkhQFUg/4js2jzBUzQBwf+q84vg0zOAaFHyJHRxkzXpZEyR28Np3hNekMjcJdpDvOtkhAAhLoCYHhNI8jKmHrF2fbL69UdfabwSySNAkS55FUQ28UfVEcI4V7Ry2HkjxPcV4S6a+PiB+mQ1RmrSc3ms2UgAQk0DcCww6SQJ2Tc0+PvhwbER+oVGA+nM4Lx4aD+kn+zgyPc/C39SJinVSOQS2GZUxmc+QLou/Kd44fZ1SbYE+QWd93c0ZrIn3f7irbKwEJSGAJCDRV86BbRLPiLGdhLIfyRUQojpN9Tp3gLEh7TglIQAISmJjAKAfJCQnaOSoiyI88a4xazODiF9dmfvyNPcDP5ou8n2VRHeHEQ+UbJSABCUhgLQmMc5CDdhAcM5BIQ2d0/XyBuoMsg2oSkIAEJCCBpSPQxUEuXaftkAQkIAEJSKCNgA6yjZCvS0ACEpBAkQR0kEUOu52WgAQkIIE2AjrINkK+LgEJSEACRRLQQRY57HZaAhKQgATaCOgg2wj5ugQkIAEJFElAB1nksNtpCUhAAhJoI6CDbCPk6xKQgAQkUCQBHWSRw26nJSABCUigjYAOso2Qr0tAAhKQQJEEdJBFDrudloAEJCCBNgI6yDZCvi4BCUhAAkUS0EEWOex2WgISkIAE2gjoINsI+boEJCABCRRJQAdZ5LDbaQlIQAISaCOgg2wj5OsSkIAEJFAkAR1kkcNupyUgAQlIoI2ADrKNkK9LQAISkECRBHSQRQ67nZaABCQggTYCOsg2Qr4uAQlIQAJFEtBBFjnsdloCEpCABNoI6CDbCPm6BCQgAQkUSUAHWeSw22kJSEACEmgjoINsI+TrEpCABCRQJAEdZJHDbqclIAEJSKCNgA6yjZCvS0ACEpBAkQR0kEUOu52WgAQkIIE2AjrINkK+LgEJSEACRRLQQRY57HZaAhKQgATaCPwfapI782QR8+EAAAAASUVORK5CYII=', NULL, 'JHB', false, NULL, false, 'ff93d93b-d371-4164-a3ce-8c5998d6754e', '', 'CATTLE AND SHEEP', 5, 5, '348abc3e-79fa-401e-9e38-58fafaf3ac24', 'a8600d90-c230-4cf7-a870-4f941cbfd1e2'),
	('e98b1bbb-52ce-47d1-bdc7-dca205fe57e9', '4e425b1b-695e-4f6d-a166-28749e1f52c5', 'Seller Seller', 'BRED', 'JC|JC|JHB', NULL, 0, 0, 0, 0, 0, 10, 0, true, NULL, '', false, false, '', NULL, NULL, 'loading_completed', '2025-07-28 08:48:48.609301+00', '2025-07-28 09:02:08.350334+00', NULL, NULL, '"[{\"birth_address\":{\"farm_name\":\"JC\",\"district\":\"JC\",\"province\":\"JHB\"},\"current_address\":{\"farm_name\":\"\",\"district\":\"\",\"province\":\"\"},\"loading_address\":{\"farm_name\":\"JC2\",\"district\":\"JC2\",\"province\":\"JHB\"},\"is_current_same_as_birth\":true,\"is_loading_same_as_current\":false,\"number_of_cattle\":10,\"number_of_sheep\":0}]"', false, false, '2ad18569-8b90-4a96-9a81-aec895fcb795', 'db25842a-f819-4390-a560-08bff6e349d2', '{"geolocation": {"accuracy": 35, "latitude": -26.195967669999995, "longitude": 28.11765956499999, "timestamp": "2025-07-28T09:04:41.663Z"}, "completed_at": "2025-07-28T09:04:44.330Z", "completed_by": "db25842a-f819-4390-a560-08bff6e349d2", "loading_notes": "wefwefwefwef", "actual_loading_time": "2025-07-28T09:04", "livestock_condition": "efeqwffwef"}', 'GSI6VNS6WZ', 'efewqfwefwefwe', NULL, NULL, 'Seller Seller', true, '{"farm_name":"JC","district":"JC","province":"JHB"}', '{"farm_name":"JC2","district":"JC2","province":"JHB"}', NULL, true, true, true, true, true, true, true, true, 'data:image/png;base64,iVBORw0KGgoAAAANSUhEUgAAAcgAAAC2CAYAAABd/h3vAAAAAXNSR0IArs4c6QAAGr9JREFUeF7tnQnQPEdZh18uk4CEBOMByBERCEjEAHIj95mAIogFHoAcgSCIooAnt0JQCaVEpeQShSggJIBYIiCHoEG55AohyGW4EgyQmEQ5nCf0WuNkj57dnd7pnaervvr+la+n++2nJ/vb7n7fty8RFglIQAISkIAELkbgEjKRgAQkIAEJSODiBBRI3woJSEACEpDAHAIKpK+FBCQgAQlIQIH0HZCABCQgAQnkEXAFmcfJWhKQgAQkMDECCuTEJtzhSkACEpBAHgEFMo+TtSQgAQlIYGIEFMiJTbjDlYAEJCCBPAIKZB4na0lAAhKQwMQIKJATm3CHKwEJSEACeQQUyDxO1pKABCQggYkRUCAnNuEOVwISkIAE8ggokHmcrCUBCUhAAhMjoEBObMIdrgQkIAEJ5BFQIPM4WUsCEpCABCZGQIGc2IQ7XAlIQAISyCOgQOZxspYEJCABCUyMgAI5sQl3uBKQgAQkkEdAgczjZC0JSEACEpgYAQVyYhPucCUgAQlIII+AApnHyVoSkIAEJDAxAgrkxCbc4UpAAhKQQB4BBTKPk7UkIAEJSGBiBBTIiU24w5WABCQggTwCCmQeJ2tJQAISkMDECCiQE5twhysBCUhAAnkEFMg8TtaSgAQkIIGJEVAgJzbhDlcCEpCABPIIKJB5nKwlAQlIQAITI6BATmzCHa4EJCABCeQRUCDzOFlLAhKQgAQmRkCBnNiEO1wJSEACEsgjoEDmcbKWBCQgAQlMjIACObEJd7gSkIAEJJBHQIHM42QtCUhAAhKYGAEFcmIT7nAlIAEJSCCPgAKZx8laEpCABCQwMQIK5MQm3OFKQAISkEAeAQUyj5O1JCABCUhgYgQUyIlNuMOVgAQkIIE8AgpkHidrSUACEpDAxAgokBObcIcrAQlIQAJ5BBTIPE7WkoAEJCCBiRFQICc24Q5XAhKQgATyCCiQeZysJQEJrCZw9Yg4KCLuGRGHRMRXI+IWEXHFiPh6epzfF0bE+RHxjoj4RkRcMiJOi4j3R8Q1IuIfVndlDQkMT0CBHJ6xPUhgnwhcJiJuHBE/HBE3i4hLRcQtkwgijtsoZ0bEJ5OQ0t6JEfGuiPjENhq3DQnkElAgc0lZTwLTIPDdEXGjiLhmRPD58P0Rcd0kiKwID4uIA1egYHV46pI6rDRZKfYtJ0TEy1a03bdN60tgIQEF0pdDAtMhcEREfHta8X0zIo5KgvedSQT5b1dYguOsiODngLSa+9eIOC8i3hsR57R+9yHKivT6EfG1iPi35sEnRcQXkiCzSr1SWp2223xeEkq3YvuQtm5vAgpkb2Q+IIFREmCVh5iwemPrk5Ug53+3XsNaBO9TEfHFdB5Im2x7vnONtjZ9hPPL+0TEoyPiBzqNnRwRD012btqPz0vgYgQUSF8KCdRBAKE4MiJuns79EMTviog7rWn+h9NK7fONkP5dRJyRHGnetmZ7JR77iYj4q05HH4mIxzXbwq8pYYB9TIuAAjmt+Xa04yfAmR9iiOPL4Wn78YYrtj67o2Lb893JQ/TjaTXI9uXZyVP0S+PHsNBCzi5fHRE36NT444j4pbSCrnh4mj4mAgrkmGZDW6ZGgG3Q+yUhOyYibhoRB2dCQOTel4TwM+nfhFDMzgUzm6myGtw4q3x4x/o3J56sii0S2JiAArkxQhuQQBYBHE6ID2SL9PIRceWI+N4VT54bEe9JziuEPSB+rARxYrFE3CatJom5nJWPJZH8FwFJYFMCCuSmBH1eAhcngKfo0RFxk7RVyspwVfmnFCzPb84HcZT58qqH/PtFXzZe0SQduHOLBV8gOJsl8YBFAmsTUCDXRueDEriIAKuXW7UcaH4oIq66hA0rwNn26Bsjgm1B4gst6xMgWcHxEXFsRFwuNcPqG9Hcheft+iPxyVERUCBHNR0aUwGBq6WYQbb3OAM7dInNF6SgdlKqvb1Z1fxjihesYJhVmvjLTYzm70TEpZP1nM3ePiJOr3I0Gr1zAgrkzqdAA0ZKgG1SYgivlzwmCau4Tjo/XGQy26OkRPtA+s35oaUsAZx3fi0iSEBAYS4QSWI6LRLoRUCB7IXLyntMgPRpd0xiyNkhDjXLCqvDk5q8pK9NKxTPu8bxcvCZ9pQmM89vtMx5U0TcYRzmaUVNBBTImmZLW7dFgNRmZJtBCDkzJLaOdGvLCqEDf9J80BJI/6GUWWZb9tjOdgnwZed1aeU4a/lvm/R4D4wIQ0C2y3qvW1Mg93p6HVxKT0Y4BY40pF5DGC+bQYatUrwj+U14xVcynrHKeAiwRU6yhGu1TCJj0M8YJjOeSRq7JQrk2GdI+/oQmK0K8SK9XbqVIvd5UpWR/Jr4ubfmPmS9URO4SnMryUvSuzAz9C3NPzinNNH5qKduHMYpkOOYB63oT4DE1awI75puqGjHweW0hghyboggskpk29SyfwQQyT9qdgHu0Rray5MjD0kFLBJYSECB9OWogQBJue+WPuS4sQJh7FPYHmXlwA/hFv/c52HrVk+A/LY4U+GFPCunNcnZf7PZgkcsLRKYS0CB9MUYIwHuJDwuBd+Tq7RvId4QUSQQHw9Gwy36Ety/+rdN7xQ3grTLMyPiCfs3XEe0DQIK5DYo2sY2CFy78TB8RMpCc/eIOKhHo6wGEELOEV/f4zmrTosAIsmW/OM7w8YJiyQDnktO631YOVoFciUiKwxE4L4R8YCUsJtt01VhFm0zODviyiPODnHf18N0oEnaw2bJ3YpIdu+VJPzjUW657uGMbzAkBXIDeD7amwCp2dgy/ZGeT362CeB/VTpH+nTKjtKzCatL4P8R+LGI+IVm1ciqsl344ua5pC/LRQQUSF+EIQkcli6xvVeTdeaIHh0hgiSZ/su0ZXp+j2etul8E7tPkVn1aGtKvN+fSr9zy8H6/uTXlF1ttfiKFhfDbMnECCuTEX4CBhv+QiPjp5qYKEnrnFhxr+PBDFM/Mfch6e0uApPDPT+n/ZoMkr+qRA4z4lE4YCNv3fKmzTJyAAjnxF2CLw39w+iZOfGJO+WBzBvnvzX2Jb0gZaxTFHGrTqENKP86nD+gMdyiB5L5OEs3PCvdxkqTeMnECCuTEX4ANh8+HGOc4R2W2Qwziyek88YzMZ6w2HQK3bJy1npsSxndHzT2aT0zvzhBEcNIh3nZW+Lc3gAxBuqI2FciKJmskpiKKP9pjC4o7+RDFF6acpiMZhmaMiADJ4n8rIu4dEQfPsevZEfGMgXOoPiuFesy697NxRC/IrkzxJdgV+br65QPs51OcYk6ib9K3cZZIcmivgaprrktaS0KIn4yIP2zd3zjr/+vJQQsHnRKZjxDgdnykn40l34SR9uVLMNKJGYFZ3ILA9UCPjAg+yFYVzm1wj+eaoVNXVfbvkydwdEQ8dcH2/IVpxXhCRJxTgBTZdbpxkW6xFgA/9i4UyLHPUFn7WB2S9PuhjciRzWZV4dyGRNAE65f4lr/KHv8+fgLcv/mCJefWXDHGao7sNiUKzjg4il251dmLIuJBJTq3j3ETUCDHPT+lrLth+kAgeJq7E5eV/0xXCJ2UYhVL2Wg/dRPgvcKhi2QR3NXYLSSDIM6Rs+pSBacfrr7qlsOb3RPjIEvNwoj7USBHPDkDmzZzjOAi4falsou6JSaNM8XuVtTAZtp85QS4SYM8pzh3HbhgLGRJun+TNPyCgmNFiDlC6BbuETUna8GJGHNXCuSYZ2cY20itxTfnboqteb29OW2hkgD83GHMsdU9JoDw4fG86HPm40k4Cf8pVY6JiJ+NiO6tHvT/ex1P1lI22c9ICSiQI52YAczKFUbuTGS1SOD06QPYYZP7T4BzPc6ml+XcZTeClSXxjaUKokicZTcx/pfT1m475Vwpm+xnxAQUyBFPzhZN45yFVeOiclZEPCci/tyzly1Sn2ZTZMF52JKhn51yq/5Bc2ExoRxDF26KOTYiWDneaE5nnDW+uPnv884ih7bN9kdOQIEc+QRtwbxuMuZ2k8+LCDz2iFU8bwt92cR0CXCeR6zsPBGCylebWMenR8TxzZe1bxbAhEjfJCLuueQqNcQRb1XPHAtMSI1dKJA1zlq+zfPiu3j6xORqX8qVPt9ia9ZGgK374xac6c3G8rnmijJu5SAh/ZCF1SKJBzj3XHXG/uSIeGnjHPTRIQ2y7boJKJB1z98y6/kmT0abbuGDwe2k/Z33UiM7pAnif0wSvkUJ6nHCeUmB9+2aqQ9ukFlVSGaBM45xu6tI+Xfvg9zjd4BwjK6nHmcxbKtaJLAJAZJJ8CXr5ksaQYj+LF1yvUlfi569dEpqweqVrDyrCl8MOWP/2KqK/l0CMwKuIPfzXcAL9ec6Q/Om9P2c65KjytlO5Rqz301n20PYhjCyjfqE5pq066/ogC+Df59SIA5hi23uOQEFcv8mmIwln+4MCycEAqAtEliHwI2TZyrniIeuWDVyvj2U08sPJo9T0tUtKuenK7HIymM2nHVm22f+j4ACuX8vwzs6W198SJBKjhRxFgn0IUCiekRxlcPL36QVI9uqQ5Qjk+hx1riocPk2V2a9prm4m7hGiwQ2JqBAboxwVA3Mi3d0a3VUUzR6Y7iPES9Qzqu5wHhZIcifMCJChYYo5AZmu3aZMOIZS+gIwlgifGSIcdrmSAkokCOdmDXMIgE0sWbt8sx0VrNGcz4yMQLXTVebcb532Iqxn5Ju3HjnAIwOigjeWy5Pbt+w0e0KQUSch9rOHWBoNlkbAQWythlbbO+8hADO7/7M71AjYfv0VzKvN/tkSvC9bVFihfjYdM55qRUD5QiBeyS5Ys0igUEJ+AE6KN5ijfMh99cdBwrvtCuGv8qO7pGul7pphvWc7f1ps+3KlVTbKndMmXcIFeFy4mXlv5usOJxzsrIkR7BFAkUIKJBFMA/eCd++OauZFdzbOUOySKBN4IoR8YiUC3UVGYL8iRsk0H/T2EG2/0n7xtVXvKusGFetFLHvnGTDU5rt3y+uMti/S2DbBBTIbRPdTXtkzJnlwOSDbZlTw24stNddErhaRNwmIn41IjhrXFa44ozE9dy2QcjEOoVzRMKKjoqIqyRRzm0HMWa1yBkjtpRIaJ5rm/UmRkCBrH/CubrnC61hEIeGe75FAqzYuMXi2StQ/FfKeEMKtlPXxMbVVo9u2iFm8uo928Abln45R/9Qz2etLoHBCCiQg6Et2nDbvd05LYp+lJ3dvhEawnvuteJ8D69nzq4Rxj73MrJCJI3hrRtnmZtlZLTpQvpUE0Lyhoh4ddPGGzdYqY4SvkbtDwE/TOufy25Scr7Be0tH/fO6zggI0fjxJI7Lnv98WlWylZkjjKQtvELaxmeleNWexr0tbZmSIPytPZ+1ugR2RkCB3Bn6rXbcXkFyYe1rB0wSvVXDbWxjApdPMYPPyohfJAXh05qzwZObc0FEcl4hVSG3YhCDeNeIuFZPC9mufV26SYaQjLf3fN7qEhgNAQVyNFOxkSG44D+41QKODWybPbFJFHDBRi378FgJcMUU+Ubvl2EggoWX87z4RcItyFiDEBJygeD2KXiaks2GpAEIImEY6zr39OnXuhIYnIACOTjiYh3g8dfNmfmVdJPBy9JZTzFj7GgQApdLW6hsoyJqqwpfkjhjRLgot2jE7E4RQewjns7XXtXAnL//RxLat0QEW6cfWaMNH5FAFQQUyCqmKctIxJF4MRwnFhUSlvOh9o3kPs/WLG71bL19Lf3m/PKy3oSQxbxUJZxuHp/CJvBaXlY+kGIHiRvkrJB8qteJCEI91im0x5VRZ6TQj4+u04jPSKBGAgpkjbO23GZWF89Y4+yo2+q5TSwbqwRCSE5LzhXviwjOmCxlCNw/xS6uuvcQMWRlxy0W3NzSd5t0Nprz0vnk6c0lxO9Kuw5u0ZeZa3sZIQEFcoSTsiWTcL9n1XGXJkUXbvnbKlyfhVDyw4coDkGW7RE4IiIe1HwReVxGk5w152SkmdcUYkqCCbZfWRXiuNNNdp9hglUksL8EFMj9ndvZyLiBHbH8nla8GhfOHtIZOttw1Fmn8GGLV+SbIoJ7+TiX4kx0Sh+4pFPDcYbC2S9fSvj/CzZc9Pt96TomVuaE4pBh5pKpDs+wBYo4DlGYB1aCrP6/1CQFPzMJKw41rBrZaudvB6SAfWxm52A2Hr4UXcObM4aYGtscMwEFcsyzsxvb+GAnbyYf4nyoc4bFBzcfnn0LHo7vaRxK3tsEln+wORN7ft8GCtRnO5LxkRCbLw6HJuH6nxQ2wd/4/4TVGme3V0rOLXzx4KyW5xGfAwvYOoYuEEtE9RVJMDmjPGsMhmmDBLZNQIHcNtH9bY8VBDe7Ext33IbDJM8nIQesZF68YVuLHseZhZg+0p7hsYmAzS4AxosTcUPw+F1LwZEKceIHAWc1ym9WfMvKTNSHGidn1AjmS00VNxRi290FAQVyF9T3o88btLwk8bJk1bluYRWCQxBbftwgkVvYAmRrkpUuP4g4diGOB+c2skE9vH8vTAL17pRthm1qtk65woltS0IzEOrcc2Da497FzyWPY8SHfoZaqfEFgi8KswT39M8W8WyLFe/o2RYrqMjvyu4CW/Lzyl8k554XbsDVRyUwCgIK5CimYW+MuFU6t+LMk8Dz2Yqt7wA/3MT7vb8Ruuem8zHO8Fgp8ZtbKbi2iTO8bRfCYOiXQlq0WcA7goEAUthOJXyCWzGwA7FgnKzqEMN1CunXCOYnN2kNYRR8AWEV/rDkBPZtcwbNDsHxTb3XrwPEZyQwBgIK5BhmYX9twHGFXLGEHtwtCctQjijLKLIVSXwnKyVWqZw3cmsEqyS2eduidHhEXC+tDNlSRpT5zSqO1RRCvSoWcWYL/bGanFde3qx+X5C8SBHgWgtMWFU+puXU0x7Lk5Pwcw5tkUBVBBTIqqaramMRFX64BQLRYYWJWF5mC6Ni9UbIAmdxOAUhZgS286GMoxCF/tgWpO5hrVUfK1JCJXDQWdfRhlRreIqyrcu2L4m9uwVRJiTmpBRTuigX6hZw7KyJn4qIh8zJ6IRBCOUJrfnYmZF2LIFcAgpkLinr5RJg2/EOaVXBuSThJAjhuiEky/p9ZUqlxxkZ4je7ZYIUaogx4kuu0U22P2f9c18hKz0yEbEa5ayOLWXiTNlSnldYQVKfc1WEkZXsFAq7BsTg8mWoXVg1/3b64jIFDo6xcgIKZOUTuGPzcUS5d9qCJNsL53G5ziht08kCQ8o7tiM562N19R3J8YezPlZk21hpzsPFOSOrTrZOz07XPxHSQfJtVp+sRvF0ZaV557T6RAD4IrCoINhsn+LZyXnqFAtfjNh2JWF+t3CB8ynGVU7xtahrzApkXfO1a2sRBUI8OE8k8XWfQtYdvDpZhX0mCSFOLcRXIoicY7H1itDy34gv3MQTlTZpnzNGnGDYAsUJB+EjXIJkBniKUjhzROxnyd5ZgXIWiYcs1z7lFNo6sRF17lhEcFk9Wr7F9uHNl49HzYFxd514fEXGTECBHPPs7N42ztOOTkJBEnQEbFUhIQBhCmxBsvoiSwshGIgjoQSsMtctONaQd5QVJaETnCX2LazuWCmyQiUshO1SVoR9C2eKrHYRX7Z62YK1LCbAdVuP7fz5kelLhdwkMEoCCuQop2XnRpHs/Ng56ejahiFUZJNhRUj2GVz913VyoV3ElO1IRAdxJZwC8UJwWQXOK6xO7pu2P7tXfW0T4mwLmFhEVocINd6w7Yuqt9nfvraFIxTXdLHtykXKJNbnPbJIYJQEFMhRTstOjWLbi5i8bRUEFG9SxIRwCn4QQbYg+XBEALdRWFHikPOAlESdM8N1khfgbck5KoL/qlZYyDZstI1vESCzz2eFIYGxE1Agxz5D5e1jJUai8Zwy2/IkQTnbqoRZcMsHZ3ystMaQrHyWCYbxPDANihUpW6Rssb4orZSN08uZcetIYEIEFMgJTXaPoR7TnK2RPm4WwI6HJ84trPq6gfU9mrWqBCQggXoIKJD1zJWWSkACEpBAQQIKZEHYdiUBCUhAAvUQUCDrmSstlYAEJCCBggQUyIKw7UoCEpCABOohoEDWM1daKgEJSEACBQkokAVh25UEJCABCdRDQIGsZ660VAISkIAEChJQIAvCtisJSEACEqiHgAJZz1xpqQQkIAEJFCSgQBaEbVcSkIAEJFAPAQWynrnSUglIQAISKEhAgSwI264kIAEJSKAeAgpkPXOlpRKQgAQkUJCAAlkQtl1JQAISkEA9BBTIeuZKSyUgAQlIoCABBbIgbLuSgAQkIIF6CCiQ9cyVlkpAAhKQQEECCmRB2HYlAQlIQAL1EFAg65krLZWABCQggYIEFMiCsO1KAhKQgATqIaBA1jNXWioBCUhAAgUJKJAFYduVBCQgAQnUQ0CBrGeutFQCEpCABAoSUCALwrYrCUhAAhKoh4ACWc9caakEJCABCRQkoEAWhG1XEpCABCRQDwEFsp650lIJSEACEihIQIEsCNuuJCABCUigHgIKZD1zpaUSkIAEJFCQgAJZELZdSUACEpBAPQQUyHrmSkslIAEJSKAgAQWyIGy7koAEJCCBeggokPXMlZZKQAISkEBBAgpkQdh2JQEJSEAC9RBQIOuZKy2VgAQkIIGCBBTIgrDtSgISkIAE6iGgQNYzV1oqAQlIQAIFCSiQBWHblQQkIAEJ1ENAgaxnrrRUAhKQgAQKElAgC8K2KwlIQAISqIeAAlnPXGmpBCQgAQkUJKBAFoRtVxKQgAQkUA8BBbKeudJSCUhAAhIoSECBLAjbriQgAQlIoB4CCmQ9c6WlEpCABCRQkIACWRC2XUlAAhKQQD0EFMh65kpLJSABCUigIAEFsiBsu5KABCQggXoIKJD1zJWWSkACEpBAQQIKZEHYdiUBCUhAAvUQUCDrmSstlYAEJCCBggQUyIKw7UoCEpCABOohoEDWM1daKgEJSEACBQkokAVh25UEJCABCdRDQIGsZ660VAISkIAEChJQIAvCtisJSEACEqiHgAJZz1xpqQQkIAEJFCSgQBaEbVcSkIAEJFAPAQWynrnSUglIQAISKEhAgSwI264kIAEJSKAeAgpkPXOlpRKQgAQkUJCAAlkQtl1JQAISkEA9BBTIeuZKSyUgAQlIoCABBbIgbLuSgAQkIIF6CPwvQBM85CZX/EgAAAAASUVORK5CYII=', NULL, 'JHB', true, 'https://wtfnnkrmvpmmsvciejmv.supabase.co/storage/v1/object/public/livestock_affidavits/affidavit_4e425b1b-695e-4f6d-a166-28749e1f52c5_1753692514041.pdf', true, 'ff93d93b-d371-4164-a3ce-8c5998d6754e', '', 'CATTLE', 10, 0, 'f75d33c1-6d89-4b25-b792-7a436d80dde9', '4e425b1b-695e-4f6d-a166-28749e1f52c5');


--
-- Data for Name: listing_invitations; Type: TABLE DATA; Schema: public; Owner: postgres
--

INSERT INTO "public"."listing_invitations" ("id", "reference_id", "seller_id", "seller_email", "status", "created_by", "listing_id", "created_at", "updated_at", "company_id") VALUES
	('f75d33c1-6d89-4b25-b792-7a436d80dde9', 'GSI6VNS6WZ', '4e425b1b-695e-4f6d-a166-28749e1f52c5', NULL, 'pending', '73a17732-b6f0-46de-9f1f-4fc503914341', NULL, '2025-07-28 07:07:07.165695+00', '2025-07-28 07:07:07.165695+00', '2ad18569-8b90-4a96-9a81-aec895fcb795'),
	('9c1f49a6-0f04-4409-bd59-3dbf045a922e', 'RDJ9J0IUNM', 'b6899180-3d7c-457a-b62a-359370431fd3', 'seller2@seller2.com', 'accepted', '73a17732-b6f0-46de-9f1f-4fc503914341', NULL, '2025-07-28 07:07:17.084523+00', '2025-07-28 07:21:46.252987+00', '2ad18569-8b90-4a96-9a81-aec895fcb795'),
	('6ab7cdeb-6773-4bff-8301-87b492a998aa', 'XHHX28DQAG', '77846881-b679-47a7-b910-6ea3fbf2cd12', 'seller1@seller1.com', 'accepted', '73a17732-b6f0-46de-9f1f-4fc503914341', NULL, '2025-07-28 07:24:10.572063+00', '2025-07-28 07:29:31.433551+00', '2ad18569-8b90-4a96-9a81-aec895fcb795'),
	('a0d3145a-fa2d-46ae-9ece-7c130efb23e0', 'VO1POVPJA-', '970fe15e-4cf4-46f0-b66a-805cef1abace', 'seller3@seller3.com', 'accepted', '73a17732-b6f0-46de-9f1f-4fc503914341', NULL, '2025-07-28 07:30:52.539733+00', '2025-07-28 07:37:28.707679+00', '2ad18569-8b90-4a96-9a81-aec895fcb795'),
	('348abc3e-79fa-401e-9e38-58fafaf3ac24', 'KBMQ6XUPL_', 'a8600d90-c230-4cf7-a870-4f941cbfd1e2', 'seller4@seller4.com', 'accepted', '73a17732-b6f0-46de-9f1f-4fc503914341', NULL, '2025-07-28 07:42:54.112697+00', '2025-07-28 07:44:46.378155+00', '2ad18569-8b90-4a96-9a81-aec895fcb795'),
	('05aff004-3c83-4844-9832-188adb6c320d', 'JX1BU396S1', 'c285e2cf-33ef-4cdd-8a1e-fc3f50afc0e4', 'johan@streetmonkey.co.za', 'accepted', '93362547-84a1-4c1e-80c8-448d54d7b9c1', NULL, '2025-07-28 09:21:20.682134+00', '2025-07-28 09:23:19.269309+00', '2ad18569-8b90-4a96-9a81-aec895fcb795'),
	('63ebba07-6ae9-4980-9b2f-21f4a2ab45f7', 'KR5OO9GKX3', '896d0d8b-6bc1-4ff7-b9bf-6d8624b1ea47', 'johan@test.co.za', 'accepted', '93362547-84a1-4c1e-80c8-448d54d7b9c1', NULL, '2025-07-28 09:33:59.699244+00', '2025-07-28 09:36:48.221689+00', '2ad18569-8b90-4a96-9a81-aec895fcb795'),
	('d67f57cb-a482-4a7f-bda1-e8b019bf182f', 'SWOYZO0B3F', '896d0d8b-6bc1-4ff7-b9bf-6d8624b1ea47', 'johan@test.co.za', 'pending', '93362547-84a1-4c1e-80c8-448d54d7b9c1', NULL, '2025-07-28 09:37:14.477195+00', '2025-07-28 09:37:14.477195+00', '2ad18569-8b90-4a96-9a81-aec895fcb795');


--
-- Data for Name: livestock_offers; Type: TABLE DATA; Schema: public; Owner: postgres
--



--
-- Data for Name: pending_company_invitations; Type: TABLE DATA; Schema: public; Owner: postgres
--

INSERT INTO "public"."pending_company_invitations" ("id", "company_id", "email", "relationship_type", "invited_by", "status", "created_at", "expires_at") VALUES
	('9ca8b1ba-7f24-477e-87fa-cd3061382c6e', '2ad18569-8b90-4a96-9a81-aec895fcb795', 'seller@seller.com', 'seller', '88edeea4-8d67-4c70-bd31-54a029613287', 'accepted', '2025-07-28 06:12:42.032193+00', '2025-08-04 06:12:42.032193+00'),
	('8e4b00f6-bf12-4156-927d-86dd611eb568', '2ad18569-8b90-4a96-9a81-aec895fcb795', 'vet@vet.com', 'vet', '88edeea4-8d67-4c70-bd31-54a029613287', 'accepted', '2025-07-28 06:13:05.200421+00', '2025-08-04 06:13:05.200421+00'),
	('8b134f4b-5820-4b44-895a-266428a37bc6', '2ad18569-8b90-4a96-9a81-aec895fcb795', 'load@master.com', 'load_master', '88edeea4-8d67-4c70-bd31-54a029613287', 'accepted', '2025-07-28 06:16:26.89873+00', '2025-08-04 06:16:26.89873+00'),
	('a2ce7502-63ce-48a5-8b35-8cbe0a344b72', '2ad18569-8b90-4a96-9a81-aec895fcb795', 'jcoggon86@gmail.com', 'admin', '88edeea4-8d67-4c70-bd31-54a029613287', 'accepted', '2025-07-28 06:13:18.68548+00', '2025-08-04 06:13:18.68548+00'),
	('66054aa9-e56c-426c-929a-6f020d6b299e', '2ad18569-8b90-4a96-9a81-aec895fcb795', 'jcoggon86@mac.com', 'admin', '73a17732-b6f0-46de-9f1f-4fc503914341', 'pending', '2025-07-28 07:00:51.998147+00', '2025-08-04 07:00:51.998147+00'),
	('4c6e6aba-97fb-42e4-8851-0123f7b6e7ce', '2ad18569-8b90-4a96-9a81-aec895fcb795', 'seller2@seller2.com', 'seller', '73a17732-b6f0-46de-9f1f-4fc503914341', 'accepted', '2025-07-28 07:15:26.063637+00', '2025-08-04 07:15:26.063637+00'),
	('0c84c88a-a899-44f1-b970-5481ecfb172d', '2ad18569-8b90-4a96-9a81-aec895fcb795', 'seller1@seller1.com', 'seller', '73a17732-b6f0-46de-9f1f-4fc503914341', 'accepted', '2025-07-28 07:24:10.572063+00', '2025-08-04 07:24:10.572063+00'),
	('059e215c-b2d0-419d-a114-64fe7b3bfde5', '2ad18569-8b90-4a96-9a81-aec895fcb795', 'seller3@seller3.com', 'seller', '73a17732-b6f0-46de-9f1f-4fc503914341', 'accepted', '2025-07-28 07:30:52.539733+00', '2025-08-04 07:30:52.539733+00'),
	('6795a66a-ab1d-4997-a78f-93bd65f2a320', '2ad18569-8b90-4a96-9a81-aec895fcb795', 'seller4@seller4.com', 'seller', '73a17732-b6f0-46de-9f1f-4fc503914341', 'accepted', '2025-07-28 07:42:54.112697+00', '2025-08-04 07:42:54.112697+00'),
	('b9e2d0ee-e616-4669-8ca6-110fdc4b6030', '2ad18569-8b90-4a96-9a81-aec895fcb795', 'johan@aiautomations.co.za', 'admin', '73a17732-b6f0-46de-9f1f-4fc503914341', 'accepted', '2025-07-28 09:07:53.908367+00', '2025-08-04 09:07:53.908367+00'),
	('d9abca8f-bd18-4466-ab0e-3e3a7a70d78a', '2ad18569-8b90-4a96-9a81-aec895fcb795', 'johan@streetmonkey.co.za', 'seller', '93362547-84a1-4c1e-80c8-448d54d7b9c1', 'accepted', '2025-07-28 09:21:20.682134+00', '2025-08-04 09:21:20.682134+00'),
	('32d6875b-7180-4caa-aa34-2c22c5461f4e', '2ad18569-8b90-4a96-9a81-aec895fcb795', 'seller5@seller5.com', 'seller', '73a17732-b6f0-46de-9f1f-4fc503914341', 'accepted', '2025-07-28 09:33:50.681653+00', '2025-08-04 09:33:50.681653+00'),
	('08162c8f-195b-42f8-baf0-ae07ca67c96a', '2ad18569-8b90-4a96-9a81-aec895fcb795', 'johan@test.co.za', 'seller', '93362547-84a1-4c1e-80c8-448d54d7b9c1', 'accepted', '2025-07-28 09:33:59.699244+00', '2025-08-04 09:33:59.699244+00');


--
-- Data for Name: veterinary_declarations; Type: TABLE DATA; Schema: public; Owner: postgres
--

INSERT INTO "public"."veterinary_declarations" ("id", "reference_id", "veterinarian_name", "veterinarian_registration_number", "owner_of_livestock", "farm_address", "farm_name", "farm_district", "farm_province", "cattle_visually_inspected", "cattle_mouthed", "sheep_visually_inspected", "sheep_mouthed", "foot_and_mouth_symptoms", "lumpy_skin_disease_symptoms", "foot_and_mouth_case_in_10km", "rift_valley_fever_case_in_10km", "created_at", "updated_at") VALUES
	('482991f6-5b9c-47e5-a5ce-3a1ff18154b3', 'KBMQ6XUPL_', 'Vet Vet', '235245245245245', 'Seller4 Seller4', '{"farm_name":"","district":"","province":""}', NULL, NULL, NULL, true, true, true, true, false, false, true, true, '2025-07-28 08:02:15.997168+00', '2025-07-28 08:02:15.997168+00'),
	('b996b774-d43d-4092-afcb-c007bd9688c4', 'GSI6VNS6WZ', 'Vet Vet', '235245245245245', 'Seller Seller', '{"farm_name":"JC2","district":"JC2","province":"JHB"}', NULL, NULL, NULL, true, true, false, false, false, false, true, true, '2025-07-28 08:52:19.202432+00', '2025-07-28 08:52:19.202432+00');


--
-- Data for Name: buckets; Type: TABLE DATA; Schema: storage; Owner: supabase_storage_admin
--

INSERT INTO "storage"."buckets" ("id", "name", "owner", "created_at", "updated_at", "public", "avif_autodetection", "file_size_limit", "allowed_mime_types", "owner_id") VALUES
	('documents', 'documents', NULL, '2025-07-04 05:52:21.122143+00', '2025-07-04 05:52:21.122143+00', true, false, 52428800, NULL, NULL),
	('livestock_affidavits', 'livestock_affidavits', NULL, '2025-07-04 10:27:08.724023+00', '2025-07-04 10:27:08.724023+00', true, false, NULL, NULL, NULL);


--
-- Data for Name: objects; Type: TABLE DATA; Schema: storage; Owner: supabase_storage_admin
--

INSERT INTO "storage"."objects" ("id", "bucket_id", "name", "owner", "created_at", "updated_at", "last_accessed_at", "metadata", "version", "owner_id", "user_metadata") VALUES
	('2e097e7a-4e0f-493a-bf89-d53fd8459068', 'livestock_affidavits', 'affidavit_4e425b1b-695e-4f6d-a166-28749e1f52c5_1753683757885.jpeg', '4e425b1b-695e-4f6d-a166-28749e1f52c5', '2025-07-28 06:22:38.897197+00', '2025-07-28 06:22:38.897197+00', '2025-07-28 06:22:38.897197+00', '{"eTag": "\"0d87159123317340d6ce70192c18d6c2\"", "size": 120273, "mimetype": "image/jpeg", "cacheControl": "max-age=3600", "lastModified": "2025-07-28T06:22:39.000Z", "contentLength": 120273, "httpStatusCode": 200}', '8f4e42f1-6083-47ca-a2f0-992b364b1544', '4e425b1b-695e-4f6d-a166-28749e1f52c5', '{}'),
	('ffdc37f4-87fd-4633-8820-f4d584730653', 'documents', 'brand-photo_4e425b1b-695e-4f6d-a166-28749e1f52c5_1753683769037.jpeg', '4e425b1b-695e-4f6d-a166-28749e1f52c5', '2025-07-28 06:22:49.555741+00', '2025-07-28 06:22:49.555741+00', '2025-07-28 06:22:49.555741+00', '{"eTag": "\"0d87159123317340d6ce70192c18d6c2\"", "size": 120273, "mimetype": "image/jpeg", "cacheControl": "max-age=3600", "lastModified": "2025-07-28T06:22:50.000Z", "contentLength": 120273, "httpStatusCode": 200}', '77ea73a5-6ba7-4f47-8c34-c2a671497d17', '4e425b1b-695e-4f6d-a166-28749e1f52c5', '{}'),
	('96e22e1c-dc58-467e-89d1-e6e2b901865f', 'livestock_affidavits', 'affidavit_4e425b1b-695e-4f6d-a166-28749e1f52c5_1753683876221.jpeg', '4e425b1b-695e-4f6d-a166-28749e1f52c5', '2025-07-28 06:24:37.244791+00', '2025-07-28 06:24:37.244791+00', '2025-07-28 06:24:37.244791+00', '{"eTag": "\"0d87159123317340d6ce70192c18d6c2\"", "size": 120273, "mimetype": "image/jpeg", "cacheControl": "max-age=3600", "lastModified": "2025-07-28T06:24:38.000Z", "contentLength": 120273, "httpStatusCode": 200}', 'cf4049b0-4f9c-4169-a706-2698c740e65e', '4e425b1b-695e-4f6d-a166-28749e1f52c5', '{}'),
	('c7c2a044-13c8-40b8-9b06-c9a3cf00fe5c', 'documents', 'brand-photo_4e425b1b-695e-4f6d-a166-28749e1f52c5_1753683882779.jpeg', '4e425b1b-695e-4f6d-a166-28749e1f52c5', '2025-07-28 06:24:43.72708+00', '2025-07-28 06:24:43.72708+00', '2025-07-28 06:24:43.72708+00', '{"eTag": "\"0d87159123317340d6ce70192c18d6c2\"", "size": 120273, "mimetype": "image/jpeg", "cacheControl": "max-age=3600", "lastModified": "2025-07-28T06:24:44.000Z", "contentLength": 120273, "httpStatusCode": 200}', '99e508e4-9e61-4692-9bd1-609dcd89d856', '4e425b1b-695e-4f6d-a166-28749e1f52c5', '{}'),
	('96a5a4da-e4b0-4602-8b02-d87966f92773', 'livestock_affidavits', 'affidavit_4e425b1b-695e-4f6d-a166-28749e1f52c5_1753684050455.jpeg', '4e425b1b-695e-4f6d-a166-28749e1f52c5', '2025-07-28 06:27:30.919962+00', '2025-07-28 06:27:30.919962+00', '2025-07-28 06:27:30.919962+00', '{"eTag": "\"0d87159123317340d6ce70192c18d6c2\"", "size": 120273, "mimetype": "image/jpeg", "cacheControl": "max-age=3600", "lastModified": "2025-07-28T06:27:31.000Z", "contentLength": 120273, "httpStatusCode": 200}', 'c4196c99-ae93-4fe9-b27d-fb751358c9c4', '4e425b1b-695e-4f6d-a166-28749e1f52c5', '{}'),
	('486f02e3-7d0c-495c-875d-b26d28f3522c', 'documents', 'brand-photo_4e425b1b-695e-4f6d-a166-28749e1f52c5_1753684056186.jpeg', '4e425b1b-695e-4f6d-a166-28749e1f52c5', '2025-07-28 06:27:36.779632+00', '2025-07-28 06:27:36.779632+00', '2025-07-28 06:27:36.779632+00', '{"eTag": "\"0d87159123317340d6ce70192c18d6c2\"", "size": 120273, "mimetype": "image/jpeg", "cacheControl": "max-age=3600", "lastModified": "2025-07-28T06:27:37.000Z", "contentLength": 120273, "httpStatusCode": 200}', 'de2c20aa-bab5-4345-bf1e-548ebdd5c5d4', '4e425b1b-695e-4f6d-a166-28749e1f52c5', '{}'),
	('b269d6f6-c216-49bc-afc4-8c3810704458', 'livestock_affidavits', 'affidavit_ff93d93b-d371-4164-a3ce-8c5998d6754e_1753684140965.jpeg', 'ff93d93b-d371-4164-a3ce-8c5998d6754e', '2025-07-28 06:29:01.9512+00', '2025-07-28 06:29:01.9512+00', '2025-07-28 06:29:01.9512+00', '{"eTag": "\"0d87159123317340d6ce70192c18d6c2\"", "size": 120273, "mimetype": "image/jpeg", "cacheControl": "max-age=3600", "lastModified": "2025-07-28T06:29:02.000Z", "contentLength": 120273, "httpStatusCode": 200}', '393e5291-7907-4bba-9022-29726dc2c28b', 'ff93d93b-d371-4164-a3ce-8c5998d6754e', '{}'),
	('0372b3c7-2209-44da-8077-3a784d627df7', 'documents', 'vet-letterhead_ff93d93b-d371-4164-a3ce-8c5998d6754e_1753684147789.jpeg', 'ff93d93b-d371-4164-a3ce-8c5998d6754e', '2025-07-28 06:29:08.26531+00', '2025-07-28 06:29:08.26531+00', '2025-07-28 06:29:08.26531+00', '{"eTag": "\"0d87159123317340d6ce70192c18d6c2\"", "size": 120273, "mimetype": "image/jpeg", "cacheControl": "max-age=3600", "lastModified": "2025-07-28T06:29:09.000Z", "contentLength": 120273, "httpStatusCode": 200}', '28b3e016-90f3-4f0c-a9c2-04642a0220b9', 'ff93d93b-d371-4164-a3ce-8c5998d6754e', '{}'),
	('96398d82-ab01-4bea-9bd0-996f3df94472', 'livestock_affidavits', 'affidavit_db25842a-f819-4390-a560-08bff6e349d2_1753684678607.jpeg', 'db25842a-f819-4390-a560-08bff6e349d2', '2025-07-28 06:37:59.594212+00', '2025-07-28 06:37:59.594212+00', '2025-07-28 06:37:59.594212+00', '{"eTag": "\"0d87159123317340d6ce70192c18d6c2\"", "size": 120273, "mimetype": "image/jpeg", "cacheControl": "max-age=3600", "lastModified": "2025-07-28T06:38:00.000Z", "contentLength": 120273, "httpStatusCode": 200}', '792be361-85c6-4e16-9111-64f411e40f74', 'db25842a-f819-4390-a560-08bff6e349d2', '{}'),
	('81b2101b-fd68-4625-85f6-b4bb671177a8', 'livestock_affidavits', 'affidavit_b6899180-3d7c-457a-b62a-359370431fd3_1753687051638.jpeg', 'b6899180-3d7c-457a-b62a-359370431fd3', '2025-07-28 07:17:32.833127+00', '2025-07-28 07:17:32.833127+00', '2025-07-28 07:17:32.833127+00', '{"eTag": "\"0d87159123317340d6ce70192c18d6c2\"", "size": 120273, "mimetype": "image/jpeg", "cacheControl": "max-age=3600", "lastModified": "2025-07-28T07:17:33.000Z", "contentLength": 120273, "httpStatusCode": 200}', '3d74786c-553d-4cb3-86af-4893e6c458c2', 'b6899180-3d7c-457a-b62a-359370431fd3', '{}'),
	('0db88b94-ef69-44b7-a005-d701878324ba', 'documents', 'brand-photo_b6899180-3d7c-457a-b62a-359370431fd3_1753687058843.jpeg', 'b6899180-3d7c-457a-b62a-359370431fd3', '2025-07-28 07:17:40.057191+00', '2025-07-28 07:17:40.057191+00', '2025-07-28 07:17:40.057191+00', '{"eTag": "\"0d87159123317340d6ce70192c18d6c2\"", "size": 120273, "mimetype": "image/jpeg", "cacheControl": "max-age=3600", "lastModified": "2025-07-28T07:17:41.000Z", "contentLength": 120273, "httpStatusCode": 200}', 'a5270569-0fc8-48dc-a266-4831b16cb652', 'b6899180-3d7c-457a-b62a-359370431fd3', '{}'),
	('330f860b-cc0b-4295-a929-90df1d3e93ae', 'livestock_affidavits', 'affidavit_970fe15e-4cf4-46f0-b66a-805cef1abace_1753688527174.jpeg', '970fe15e-4cf4-46f0-b66a-805cef1abace', '2025-07-28 07:42:08.695141+00', '2025-07-28 07:42:08.695141+00', '2025-07-28 07:42:08.695141+00', '{"eTag": "\"0d87159123317340d6ce70192c18d6c2\"", "size": 120273, "mimetype": "image/jpeg", "cacheControl": "max-age=3600", "lastModified": "2025-07-28T07:42:09.000Z", "contentLength": 120273, "httpStatusCode": 200}', 'a57ab80c-57e2-454f-9fee-67588fd86c94', '970fe15e-4cf4-46f0-b66a-805cef1abace', '{}'),
	('25d5440c-c8fa-4412-b45c-8e41c5b21c19', 'documents', 'brand-photo_970fe15e-4cf4-46f0-b66a-805cef1abace_1753688532782.jpeg', '970fe15e-4cf4-46f0-b66a-805cef1abace', '2025-07-28 07:42:14.21404+00', '2025-07-28 07:42:14.21404+00', '2025-07-28 07:42:14.21404+00', '{"eTag": "\"0d87159123317340d6ce70192c18d6c2\"", "size": 120273, "mimetype": "image/jpeg", "cacheControl": "max-age=3600", "lastModified": "2025-07-28T07:42:15.000Z", "contentLength": 120273, "httpStatusCode": 200}', 'ee9f6e2e-872e-44b9-9510-dd40c42d48c2', '970fe15e-4cf4-46f0-b66a-805cef1abace', '{}'),
	('9c8ce90f-41a9-48db-a60e-6404df05907d', 'documents', '.emptyFolderPlaceholder', NULL, '2025-07-24 15:18:54.721923+00', '2025-07-24 15:18:54.721923+00', '2025-07-24 15:18:54.721923+00', '{"eTag": "\"d41d8cd98f00b204e9800998ecf8427e\"", "size": 0, "mimetype": "application/octet-stream", "cacheControl": "max-age=3600", "lastModified": "2025-07-24T15:18:55.000Z", "contentLength": 0, "httpStatusCode": 200}', '8fdedae2-c66b-428d-be3a-11b7318da950', NULL, '{}'),
	('3c15c602-eb94-4dbd-bf99-110097ce754a', 'livestock_affidavits', 'affidavit_a8600d90-c230-4cf7-a870-4f941cbfd1e2_1753688647364.jpeg', 'a8600d90-c230-4cf7-a870-4f941cbfd1e2', '2025-07-28 07:44:08.735165+00', '2025-07-28 07:44:08.735165+00', '2025-07-28 07:44:08.735165+00', '{"eTag": "\"0d87159123317340d6ce70192c18d6c2\"", "size": 120273, "mimetype": "image/jpeg", "cacheControl": "max-age=3600", "lastModified": "2025-07-28T07:44:09.000Z", "contentLength": 120273, "httpStatusCode": 200}', '632202a6-c021-4db7-aefd-cbc64d734a4b', 'a8600d90-c230-4cf7-a870-4f941cbfd1e2', '{}'),
	('a80e99ab-07f6-490d-804c-646c9c127cb6', 'documents', 'brand-photo_a8600d90-c230-4cf7-a870-4f941cbfd1e2_1753688653599.jpeg', 'a8600d90-c230-4cf7-a870-4f941cbfd1e2', '2025-07-28 07:44:14.945231+00', '2025-07-28 07:44:14.945231+00', '2025-07-28 07:44:14.945231+00', '{"eTag": "\"0d87159123317340d6ce70192c18d6c2\"", "size": 120273, "mimetype": "image/jpeg", "cacheControl": "max-age=3600", "lastModified": "2025-07-28T07:44:15.000Z", "contentLength": 120273, "httpStatusCode": 200}', '3ae4243f-7426-4107-b48f-1df00fe13e85', 'a8600d90-c230-4cf7-a870-4f941cbfd1e2', '{}'),
	('2ab68891-e752-4ee4-b2da-69d64063d3a1', 'livestock_affidavits', 'affidavit_3984c0a6-2a8c-40fc-94d8-989a49b7557c_1753695277962.jpeg', '3984c0a6-2a8c-40fc-94d8-989a49b7557c', '2025-07-28 09:34:39.336406+00', '2025-07-28 09:34:39.336406+00', '2025-07-28 09:34:39.336406+00', '{"eTag": "\"0d87159123317340d6ce70192c18d6c2\"", "size": 120273, "mimetype": "image/jpeg", "cacheControl": "max-age=3600", "lastModified": "2025-07-28T09:34:40.000Z", "contentLength": 120273, "httpStatusCode": 200}', 'f27802cc-2c34-4dcd-8337-94c02f561767', '3984c0a6-2a8c-40fc-94d8-989a49b7557c', '{}'),
	('485f00ff-5961-42f0-bb03-1fd64ad3f1c2', 'documents', 'brand-photo_3984c0a6-2a8c-40fc-94d8-989a49b7557c_1753695285724.jpeg', '3984c0a6-2a8c-40fc-94d8-989a49b7557c', '2025-07-28 09:34:47.045716+00', '2025-07-28 09:34:47.045716+00', '2025-07-28 09:34:47.045716+00', '{"eTag": "\"0d87159123317340d6ce70192c18d6c2\"", "size": 120273, "mimetype": "image/jpeg", "cacheControl": "max-age=3600", "lastModified": "2025-07-28T09:34:47.000Z", "contentLength": 120273, "httpStatusCode": 200}', '7aacee90-67e9-4212-ba78-8b58d78dc556', '3984c0a6-2a8c-40fc-94d8-989a49b7557c', '{}'),
	('de1cc811-bec8-4446-bbab-ed3de93dbc2d', 'livestock_affidavits', 'affidavit_77846881-b679-47a7-b910-6ea3fbf2cd12_1753687885961.jpeg', '77846881-b679-47a7-b910-6ea3fbf2cd12', '2025-07-28 07:31:27.417951+00', '2025-07-28 07:31:27.417951+00', '2025-07-28 07:31:27.417951+00', '{"eTag": "\"0d87159123317340d6ce70192c18d6c2\"", "size": 120273, "mimetype": "image/jpeg", "cacheControl": "max-age=3600", "lastModified": "2025-07-28T07:31:28.000Z", "contentLength": 120273, "httpStatusCode": 200}', '9ff23307-e2a0-4c84-a2dd-70ecf0cf1409', '77846881-b679-47a7-b910-6ea3fbf2cd12', '{}'),
	('b8bcc57b-9dbb-47c3-aa85-03dd27766033', 'documents', 'brand-photo_77846881-b679-47a7-b910-6ea3fbf2cd12_1753687892107.jpeg', '77846881-b679-47a7-b910-6ea3fbf2cd12', '2025-07-28 07:31:33.449893+00', '2025-07-28 07:31:33.449893+00', '2025-07-28 07:31:33.449893+00', '{"eTag": "\"0d87159123317340d6ce70192c18d6c2\"", "size": 120273, "mimetype": "image/jpeg", "cacheControl": "max-age=3600", "lastModified": "2025-07-28T07:31:34.000Z", "contentLength": 120273, "httpStatusCode": 200}', '8fc404b1-048b-4c05-934b-2b7431297a55', '77846881-b679-47a7-b910-6ea3fbf2cd12', '{}'),
	('d336c2ce-683b-48a6-b9f9-0c86d85cd4bf', 'livestock_affidavits', 'affidavit_4e425b1b-695e-4f6d-a166-28749e1f52c5_1753692514041.pdf', '4e425b1b-695e-4f6d-a166-28749e1f52c5', '2025-07-28 08:48:35.346802+00', '2025-07-28 08:48:35.346802+00', '2025-07-28 08:48:35.346802+00', '{"eTag": "\"835c05dc8dc6f476b12d8d0df4dcc68e\"", "size": 99495, "mimetype": "application/pdf", "cacheControl": "max-age=3600", "lastModified": "2025-07-28T08:48:36.000Z", "contentLength": 99495, "httpStatusCode": 200}', 'dbcfabf2-13e7-4e20-a2c7-c0fa98bf2bd8', '4e425b1b-695e-4f6d-a166-28749e1f52c5', '{}'),
	('a6278008-8d58-4033-a346-160361f2f9f7', 'livestock_affidavits', 'affidavit_896d0d8b-6bc1-4ff7-b9bf-6d8624b1ea47_1753695318859.png', '896d0d8b-6bc1-4ff7-b9bf-6d8624b1ea47', '2025-07-28 09:35:20.863961+00', '2025-07-28 09:35:20.863961+00', '2025-07-28 09:35:20.863961+00', '{"eTag": "\"a5d1e6573cb83db3ccb37f77de260689\"", "size": 1443834, "mimetype": "image/png", "cacheControl": "max-age=3600", "lastModified": "2025-07-28T09:35:21.000Z", "contentLength": 1443834, "httpStatusCode": 200}', '71120557-a6e6-4bf8-b038-17145f3fce58', '896d0d8b-6bc1-4ff7-b9bf-6d8624b1ea47', '{}'),
	('07c103a1-9199-49b1-ae8d-fd86e225f0cf', 'documents', 'brand-photo_896d0d8b-6bc1-4ff7-b9bf-6d8624b1ea47_1753695327616.png', '896d0d8b-6bc1-4ff7-b9bf-6d8624b1ea47', '2025-07-28 09:35:29.277252+00', '2025-07-28 09:35:29.277252+00', '2025-07-28 09:35:29.277252+00', '{"eTag": "\"1b54c3dd3a6eecfd5bf706184d6e8069\"", "size": 1461596, "mimetype": "image/png", "cacheControl": "max-age=3600", "lastModified": "2025-07-28T09:35:30.000Z", "contentLength": 1461596, "httpStatusCode": 200}', '0ec3ca17-8d61-4a95-9766-2b0050ecbd69', '896d0d8b-6bc1-4ff7-b9bf-6d8624b1ea47', '{}'),
	('bf656894-7456-4931-b920-c38fe3afd153', 'livestock_affidavits', '.emptyFolderPlaceholder', NULL, '2025-07-25 12:01:58.473676+00', '2025-07-25 12:01:58.473676+00', '2025-07-25 12:01:58.473676+00', '{"eTag": "\"d41d8cd98f00b204e9800998ecf8427e\"", "size": 0, "mimetype": "application/octet-stream", "cacheControl": "max-age=3600", "lastModified": "2025-07-25T12:01:59.000Z", "contentLength": 0, "httpStatusCode": 200}', 'f1fbfb2c-64e9-476f-bce7-2ade9a5e2884', NULL, '{}');


--
-- Data for Name: s3_multipart_uploads; Type: TABLE DATA; Schema: storage; Owner: supabase_storage_admin
--



--
-- Data for Name: s3_multipart_uploads_parts; Type: TABLE DATA; Schema: storage; Owner: supabase_storage_admin
--



--
-- Name: refresh_tokens_id_seq; Type: SEQUENCE SET; Schema: auth; Owner: supabase_auth_admin
--

SELECT pg_catalog.setval('"auth"."refresh_tokens_id_seq"', 448, true);


--
-- PostgreSQL database dump complete
--

RESET ALL;
